-- phpMyAdmin SQL Dump
-- version 3.5.2.2
-- http://www.phpmyadmin.net
--
-- Хост: localhost
-- Время создания: Дек 10 2014 г., 12:50
-- Версия сервера: 5.5.35-33.0
-- Версия PHP: 5.3.28

SET SQL_MODE="NO_AUTO_VALUE_ON_ZERO";
SET time_zone = "+00:00";


/*!40101 SET @OLD_CHARACTER_SET_CLIENT=@@CHARACTER_SET_CLIENT */;
/*!40101 SET @OLD_CHARACTER_SET_RESULTS=@@CHARACTER_SET_RESULTS */;
/*!40101 SET @OLD_COLLATION_CONNECTION=@@COLLATION_CONNECTION */;
/*!40101 SET NAMES utf8 */;

--
-- База данных: `u0034415_hermes`
--

-- --------------------------------------------------------

--
-- Структура таблицы `banners`
--

CREATE TABLE IF NOT EXISTS `banners` (
  `id` int(11) unsigned NOT NULL AUTO_INCREMENT,
  `group` varchar(100) NOT NULL,
  `class` varchar(100) DEFAULT NULL,
  `url` varchar(250) NOT NULL,
  `title` varchar(100) NOT NULL,
  `hide` int(1) DEFAULT NULL,
  `description` text,
  `image_id` int(12) NOT NULL,
  PRIMARY KEY (`id`)
) ENGINE=InnoDB  DEFAULT CHARSET=utf8 AUTO_INCREMENT=7 ;

--
-- Дамп данных таблицы `banners`
--

INSERT INTO `banners` (`id`, `group`, `class`, `url`, `title`, `hide`, `description`, `image_id`) VALUES
(3, 'home', '', 'http://shopolog.ru', 'Новый баннер', NULL, NULL, 13),
(4, 'home', '', 'http://shopolog.ru', 'Новый баннер', NULL, NULL, 12),
(5, 'home', 'left', '/bonus', 'Баннер3', NULL, NULL, 14),
(6, 'home', '', 'http://rcc-penza.ru', 'Типа новый банер', NULL, NULL, 19);

-- --------------------------------------------------------

--
-- Структура таблицы `bills`
--

CREATE TABLE IF NOT EXISTS `bills` (
  `id` int(11) NOT NULL AUTO_INCREMENT,
  `card_id` int(11) NOT NULL,
  `akkaunt` varchar(255) NOT NULL,
  `phone` varchar(255) NOT NULL,
  `type` varchar(255) NOT NULL,
  `created` int(11) NOT NULL,
  `status` int(3) NOT NULL,
  `email` varchar(255) NOT NULL,
  `comment` text NOT NULL,
  `summa` float NOT NULL,
  `currency_id` int(11) NOT NULL,
  PRIMARY KEY (`id`)
) ENGINE=InnoDB  DEFAULT CHARSET=utf8 AUTO_INCREMENT=110 ;

--
-- Дамп данных таблицы `bills`
--

INSERT INTO `bills` (`id`, `card_id`, `akkaunt`, `phone`, `type`, `created`, `status`, `email`, `comment`, `summa`, `currency_id`) VALUES
(36, 11, '', '+79875145666', 'qiwi', 1414849549, 0, '', '', 50, 2),
(37, 11, '', '+79875145666', 'qiwi', 1414849609, 0, '', '', 50, 2),
(38, 11, '', '', 'qiwi', 1414849693, 0, '', '', 50, 2),
(39, 14, '', '', 'qiwi', 1414851843, 0, '', '', 1000, 2),
(40, 14, '', '', 'qiwi', 1414853245, 0, '', '', 1000, 2),
(41, 19, '', '', 'qiwi', 1414856112, 0, '', '', 3500, 2),
(42, 23, '', '+380502000350', 'qiwi', 1414860138, 0, '', '', 50, 2),
(43, 23, '', '', 'perfect', 1414860158, 0, '', '', 50, 2),
(44, 19, '', '', 'perfect', 1414865612, 0, '', '', 3850, 2),
(47, 32, '', '', 'qiwi', 1415007443, 0, '', '', 750, 2),
(48, 10, '', '', 'qiwi', 1415016847, 0, '', '', 500, 2),
(49, 9, '', '9374353527', 'qiwi', 1415025253, 0, '', '', 100, 2),
(50, 32, '', '', 'qiwi', 1415027858, 0, '', '', 51, 2),
(51, 32, '', '+79138699163', 'qiwi', 1415032914, 0, '', '', 633, 2),
(52, 27, '', '', 'perfect', 1415086049, 2, '', '', 1000, 2),
(53, 27, '', '', 'perfect', 1415090500, 1, '', '', 500, 2),
(54, 34, '', '', 'perfect', 1415114511, 2, '', '', 110, 2),
(55, 34, '', '', 'qiwi', 1415114863, 0, '', '', 108, 2),
(56, 34, '', '', 'perfect', 1415114873, 1, '', '', 108, 2),
(57, 33, '', '', 'qiwi', 1415132419, 0, '', '', 70, 2),
(58, 33, '', '', 'perfect', 1415132453, 2, '', '', 70, 2),
(59, 33, '', '', 'perfect', 1415132612, 1, '', '', 69, 2),
(60, 35, '', '', 'perfect', 1415183892, 1, '', '', 50, 2),
(61, 35, '', '', 'perfect', 1415183953, 0, '', '', 50, 2),
(62, 10, '', '', 'qiwi', 1415193902, 0, '', '', 500, 2),
(63, 10, '', '', 'perfect', 1415203807, 2, '', '', 500, 2),
(64, 24, '', '', 'qiwi', 1415356980, 0, '', '', 200, 2),
(65, 24, '', '380632804060', 'qiwi', 1415364584, 0, '', '', 355, 2),
(66, 41, '', '', 'perfect', 1415455853, 2, '', '', 50, 2),
(67, 41, '', '', 'perfect', 1415455883, 0, '', '', 50, 2),
(68, 10, '', '', 'qiwi', 1415551772, 0, '', '', 4141, 2),
(69, 10, '', '', 'perfect', 1415551781, 2, '', '', 4141, 2),
(70, 44, '', '', 'perfect', 1415579113, 1, '', '', 300, 2),
(71, 47, '', '', 'perfect', 1415610142, 0, '', '', 12345, 2),
(72, 28, '', '', 'qiwi', 1415614088, 0, '', '', 149, 2),
(73, 28, '', '', 'perfect', 1415614142, 2, '', '', 149, 2),
(74, 28, '', '', 'qiwi', 1415615077, 0, '', '', 148, 2),
(75, 11, '', '', 'perfect', 1415615797, 2, '', '', 130, 2),
(76, 28, '', '', 'perfect', 1415616061, 2, '', '', 148, 2),
(77, 28, '', '', 'perfect', 1415616210, 2, '', '', 147.6, 2),
(78, 28, '', '', 'perfect', 1415616254, 2, '', '', 147.5, 2),
(79, 28, '', '', 'perfect', 1415616281, 2, '', '', 147.3, 2),
(80, 28, '', '', 'perfect', 1415616398, 1, '', '', 147.27, 2),
(81, 11, '', '', 'qiwi', 1415618075, 0, '', '', 100, 2),
(82, 11, '', '', 'perfect', 1415618094, 2, '', '', 100, 2),
(83, 10, '', '', 'perfect', 1415618342, 1, '', '', 50, 2),
(84, 10, '', '', 'perfect', 1415618633, 1, '', '', 300, 2),
(85, 51, '', '', 'perfect', 1415622031, 1, '', '', 50, 2),
(86, 51, '', '', 'qiwi', 1415622786, 0, '', '', 50, 2),
(87, 46, '', '', 'perfect', 1415635345, 0, '', '', 100, 2),
(88, 61, '', '', 'qiwi', 1415832673, 0, '', '', 10000, 2),
(89, 66, '', '', 'perfect', 1415959668, 0, '', '', 50, 2),
(91, 11, '', '', 'qiwi', 1416137022, 0, '', '', 50, 2),
(93, 22, '', '', 'perfect', 1416300675, 2, '', '', 274.75, 2),
(94, 22, '', '', 'perfect', 1416300803, 1, '', '', 268, 2),
(95, 67, '', '', 'perfect', 1416331642, 1, '', '', 50, 2),
(96, 10, '', '', 'qiwi', 1416378304, 0, '', '', 50, 2),
(97, 10, '', '', 'perfect', 1416600492, 0, '', '', 50, 2),
(101, 70, '', '', 'qiwi', 1416750752, 0, '', '', 50, 2),
(102, 10, '', '', 'qiwi', 1416918634, 0, '', '', 500, 2),
(104, 76, '', '+79274469784', 'qiwi', 1417267014, 0, '', '', 50, 2),
(108, 16, '', '', 'qiwi', 1417532645, 0, '', '', 50, 2);

-- --------------------------------------------------------

--
-- Структура таблицы `black_list`
--

CREATE TABLE IF NOT EXISTS `black_list` (
  `id` int(11) unsigned NOT NULL AUTO_INCREMENT,
  `ip` text,
  `active` int(2) DEFAULT NULL,
  `created` int(12) NOT NULL,
  PRIMARY KEY (`id`)
) ENGINE=InnoDB DEFAULT CHARSET=utf8 AUTO_INCREMENT=1 ;

-- --------------------------------------------------------

--
-- Структура таблицы `cards`
--

CREATE TABLE IF NOT EXISTS `cards` (
  `id` int(11) unsigned NOT NULL AUTO_INCREMENT,
  `code` varchar(155) NOT NULL,
  `ball` float NOT NULL,
  `income` float NOT NULL,
  `currency_id` int(11) NOT NULL,
  `percent` float NOT NULL,
  `tarif_id` int(11) NOT NULL,
  `last_event` int(11) NOT NULL,
  `created` int(12) NOT NULL,
  `active` int(12) NOT NULL,
  `active_time` int(12) NOT NULL,
  `start_time` int(11) NOT NULL,
  `user_id` int(12) NOT NULL,
  PRIMARY KEY (`id`),
  UNIQUE KEY `uniq_code` (`code`)
) ENGINE=InnoDB  DEFAULT CHARSET=utf8 AUTO_INCREMENT=78 ;

--
-- Дамп данных таблицы `cards`
--

INSERT INTO `cards` (`id`, `code`, `ball`, `income`, `currency_id`, `percent`, `tarif_id`, `last_event`, `created`, `active`, `active_time`, `start_time`, `user_id`) VALUES
(3, 'admin', 1123.45, 0, 2, 1.25, 2, 580, 1413489226, 0, 1417552062, 1417381201, 3),
(10, '123bod321', 5793.69, 0, 2, 1.5, 3, 622, 1414849245, 0, 1417779087, 1417381202, 16),
(21, 'Erohin', 0, 0, 0, 0, 0, 0, 1414858711, 0, 0, 0, 28),
(23, 'test', 0, 0, 0, 0, 0, 0, 1414860060, 0, 0, 0, 29),
(29, 'master', 0, 0, 0, 0, 0, 0, 1414925505, 0, 0, 0, 35),
(42, 'maxbaks', 0, 0, 0, 0, 0, 0, 1415464580, 0, 0, 0, 49),
(45, 'artemtzelishev93', 0, 0, 0, 0, 0, 0, 1415605728, 0, 0, 0, 52),
(47, 'BitKonan', 0, 0, 0, 0, 0, 0, 1415610098, 0, 0, 0, 54),
(48, 'HYIPru', 0, 0, 0, 0, 0, 0, 1415612912, 0, 0, 0, 55),
(53, 'torrek', 0, 0, 0, 0, 0, 0, 1415629133, 0, 0, 0, 62),
(55, 'payrating', 0, 0, 0, 0, 0, 0, 1415638141, 0, 0, 0, 65),
(57, 'HYIPexplorerBiz', 0, 0, 0, 0, 0, 0, 1415647298, 0, 0, 0, 67),
(58, 'rsdb', 0, 0, 0, 0, 0, 0, 1415651898, 0, 0, 0, 68),
(60, 'samrav', 0, 0, 0, 0, 0, 0, 1415803848, 0, 0, 0, 70),
(61, 'newbie', 0, 0, 0, 0, 0, 0, 1415832515, 0, 0, 0, 71),
(62, 'demoninvest', 0, 0, 0, 0, 0, 0, 1415834563, 0, 0, 0, 72),
(63, 'Malcasto', 0, 0, 0, 0, 0, 0, 1415889368, 0, 0, 0, 74),
(64, 'miroha', 0, 0, 0, 0, 0, 0, 1415891768, 0, 0, 0, 75),
(65, 'poyasopt', 0, 0, 0, 0, 0, 0, 1415913620, 0, 0, 0, 76),
(66, 'yurze', 0, 0, 0, 0, 0, 0, 1415959390, 0, 0, 0, 77),
(68, 'grex34314007', 0, 0, 0, 0, 0, 0, 1416689263, 0, 0, 0, 80),
(69, 'DENIS1986', 0, 0, 0, 0, 0, 0, 1416735759, 0, 0, 0, 81),
(70, 'biryuc', 0, 0, 0, 0, 0, 0, 1416744104, 0, 0, 0, 82),
(71, 'sahka777', 0, 0, 0, 0, 0, 0, 1416745286, 0, 0, 0, 83),
(72, 'Rishat', 0, 0, 0, 0, 0, 0, 1416768608, 0, 0, 0, 84),
(73, 'Artabzv', 0, 0, 0, 0, 0, 0, 1416778698, 0, 0, 0, 85),
(74, 'sakhno2272', 0, 0, 0, 0, 0, 0, 1416810548, 0, 0, 0, 86);

-- --------------------------------------------------------

--
-- Структура таблицы `cards_users`
--

CREATE TABLE IF NOT EXISTS `cards_users` (
  `user_id` int(10) unsigned NOT NULL,
  `card_id` int(10) unsigned NOT NULL,
  PRIMARY KEY (`user_id`,`card_id`),
  KEY `fk_card_id` (`card_id`)
) ENGINE=InnoDB DEFAULT CHARSET=utf8;

-- --------------------------------------------------------

--
-- Структура таблицы `checks`
--

CREATE TABLE IF NOT EXISTS `checks` (
  `id` int(11) unsigned NOT NULL AUTO_INCREMENT,
  `card` varchar(64) NOT NULL,
  `keys` varchar(64) NOT NULL,
  `created` int(12) NOT NULL,
  `DOC` varchar(138) DEFAULT NULL,
  PRIMARY KEY (`id`)
) ENGINE=InnoDB DEFAULT CHARSET=utf8 AUTO_INCREMENT=1 ;

-- --------------------------------------------------------

--
-- Структура таблицы `currency`
--

CREATE TABLE IF NOT EXISTS `currency` (
  `id` int(11) NOT NULL AUTO_INCREMENT,
  `code` varchar(255) CHARACTER SET utf8 NOT NULL,
  `description` varchar(255) CHARACTER SET utf8 NOT NULL,
  PRIMARY KEY (`id`),
  UNIQUE KEY `code` (`code`)
) ENGINE=InnoDB  DEFAULT CHARSET=latin1 AUTO_INCREMENT=3 ;

--
-- Дамп данных таблицы `currency`
--

INSERT INTO `currency` (`id`, `code`, `description`) VALUES
(1, 'RUB', 'Рубль'),
(2, 'USD', 'Доллар');

-- --------------------------------------------------------

--
-- Структура таблицы `currency_curs`
--

CREATE TABLE IF NOT EXISTS `currency_curs` (
  `id` int(11) NOT NULL AUTO_INCREMENT,
  `currency_id` int(11) NOT NULL,
  `currency_eq_id` int(11) NOT NULL,
  `value` double NOT NULL,
  PRIMARY KEY (`id`)
) ENGINE=InnoDB  DEFAULT CHARSET=latin1 AUTO_INCREMENT=3 ;

--
-- Дамп данных таблицы `currency_curs`
--

INSERT INTO `currency_curs` (`id`, `currency_id`, `currency_eq_id`, `value`) VALUES
(2, 2, 1, 50);

-- --------------------------------------------------------

--
-- Структура таблицы `deferred`
--

CREATE TABLE IF NOT EXISTS `deferred` (
  `id` int(11) unsigned NOT NULL AUTO_INCREMENT,
  `keys` varchar(64) NOT NULL,
  `user_id` int(11) NOT NULL,
  `ball` int(12) DEFAULT NULL,
  `type_id` int(11) NOT NULL,
  `accrual` int(12) DEFAULT NULL,
  `created` int(12) NOT NULL,
  PRIMARY KEY (`id`),
  UNIQUE KEY `keys` (`keys`)
) ENGINE=InnoDB DEFAULT CHARSET=utf8 AUTO_INCREMENT=1 ;

-- --------------------------------------------------------

--
-- Структура таблицы `events`
--

CREATE TABLE IF NOT EXISTS `events` (
  `id` int(11) unsigned NOT NULL AUTO_INCREMENT,
  `type_id` int(10) NOT NULL,
  `card_id` int(11) NOT NULL,
  `created` int(12) NOT NULL,
  `user_id` int(12) DEFAULT NULL,
  `ball` float NOT NULL,
  `percent` float NOT NULL,
  `ip` varchar(254) NOT NULL,
  PRIMARY KEY (`id`)
) ENGINE=InnoDB  DEFAULT CHARSET=utf8 AUTO_INCREMENT=669 ;

--
-- Дамп данных таблицы `events`
--

INSERT INTO `events` (`id`, `type_id`, `card_id`, `created`, `user_id`, `ball`, `percent`, `ip`) VALUES
(109, 1, 10, 1414850206, 16, 3200, 0, '91.222.220.88'),
(110, 1, 11, 1414850455, 17, 545, 0, '91.222.220.88'),
(111, 1, 12, 1414851155, 18, 119, 0, '91.222.220.88'),
(112, 1, 13, 1414851233, 19, 1004, 0, '91.222.220.88'),
(113, 1, 15, 1414851485, 21, 382, 0, '91.222.220.88'),
(114, 1, 16, 1414852992, 22, 123000, 0, '91.222.220.88'),
(115, 8, 16, 1414853010, 22, 122941, 0, '91.222.220.88'),
(116, 1, 16, 1414853025, 22, 2870, 0, '91.222.220.88'),
(117, 1, 14, 1414853528, 20, 1000, 0, '91.222.220.88'),
(118, 1, 18, 1414853697, 24, 502, 0, '91.222.220.88'),
(119, 8, 11, 1414854693, 17, 245, 0, '91.222.220.88'),
(120, 1, 20, 1414856317, 26, 220, 0, '91.222.220.88'),
(121, 1, 22, 1414858854, 27, 87, 0, '91.222.222.4'),
(122, 1, 24, 1414865462, 30, 640, 0, '91.222.222.175'),
(123, 1, 25, 1414867072, 31, 359, 0, '93.124.91.29'),
(124, 1, 26, 1414868727, 32, 232, 0, '93.124.91.29'),
(125, 1, 19, 1414874230, 25, 2333, 0, '91.222.223.5'),
(126, 1, 19, 1414919492, 25, 1427, 0, '91.222.220.170'),
(127, 8, 19, 1414928474, 25, 110, 0, '91.222.223.164'),
(128, 1, 19, 1414928695, 25, 90, 0, '91.222.223.164'),
(129, 1, 9, 1414952224, 15, 50, 0, '85.26.164.181'),
(130, 8, 25, 1414952528, 31, 351.82, 0, '93.124.3.205'),
(131, 8, 26, 1414952542, 32, 227.36, 0, '93.124.3.205'),
(132, 1, 31, 1414955112, 37, 1004, 0, '93.124.3.205'),
(133, 1, 9, 1414955200, 15, 50, 0, '85.26.164.181'),
(134, 1, 25, 1414956448, 31, 351.82, 0, '93.124.3.205'),
(135, 1, 26, 1414956475, 32, 235.36, 0, '93.124.3.205'),
(136, 10, 3, 1414997184, 3, 0, 0, '0.0.0.0'),
(137, 9, 3, 1414997184, 3, 10.5032, 0, '0.0.0.0'),
(138, 10, 10, 1414997184, 16, 1.05, 0, '0.0.0.0'),
(139, 10, 10, 1414997184, 16, 0, 0, '0.0.0.0'),
(140, 10, 10, 1414997184, 16, 0, 0, '0.0.0.0'),
(141, 10, 10, 1414997184, 16, 0.31375, 0, '0.0.0.0'),
(142, 10, 10, 1414997184, 16, 0.11, 0, '0.0.0.0'),
(143, 10, 10, 1414997184, 16, 0.0435, 0, '0.0.0.0'),
(144, 10, 10, 1414997184, 16, 0, 0, '0.0.0.0'),
(145, 10, 10, 1414997184, 16, 0, 0, '0.0.0.0'),
(146, 10, 10, 1414997184, 16, 0.56, 0, '0.0.0.0'),
(147, 10, 10, 1414997184, 16, 0, 0, '0.0.0.0'),
(148, 10, 10, 1414997184, 16, 0, 0, '0.0.0.0'),
(149, 10, 10, 1414997184, 16, 0, 0, '0.0.0.0'),
(150, 10, 10, 1414997184, 16, 0, 0, '0.0.0.0'),
(151, 10, 10, 1414997184, 16, 0, 0, '0.0.0.0'),
(152, 9, 10, 1414997184, 16, 2.07725, 0, '0.0.0.0'),
(153, 10, 11, 1414997184, 17, 0.23875, 0, '0.0.0.0'),
(154, 10, 11, 1414997184, 17, 0, 0, '0.0.0.0'),
(155, 10, 11, 1414997184, 17, 0, 0, '0.0.0.0'),
(156, 9, 11, 1414997184, 17, 4.73875, 0, '0.0.0.0'),
(157, 9, 12, 1414997184, 18, 1.19, 0, '0.0.0.0'),
(158, 10, 14, 1414997184, 20, 0, 0, '0.0.0.0'),
(159, 9, 14, 1414997184, 20, 15, 0, '0.0.0.0'),
(160, 9, 15, 1414997184, 21, 4.775, 0, '0.0.0.0'),
(161, 9, 16, 1414997184, 22, 43.9284, 0, '0.0.0.0'),
(162, 9, 18, 1414997184, 24, 6.275, 0, '0.0.0.0'),
(163, 9, 20, 1414997184, 26, 2.2, 0, '0.0.0.0'),
(164, 9, 22, 1414997184, 27, 0.87, 0, '0.0.0.0'),
(165, 10, 24, 1414997184, 30, 0, 0, '0.0.0.0'),
(166, 9, 24, 1414997184, 30, 8, 0, '0.0.0.0'),
(167, 1, 32, 1415035059, 38, 633, 0, '178.213.105.113'),
(168, 10, 3, 1415044801, 3, 0, 0, '0.0.0.0'),
(169, 10, 10, 1415044801, 16, 0, 0, '0.0.0.0'),
(170, 10, 10, 1415044801, 16, 0, 0, '0.0.0.0'),
(171, 10, 10, 1415044801, 16, 0, 0, '0.0.0.0'),
(172, 10, 10, 1415044801, 16, 0, 0, '0.0.0.0'),
(173, 10, 10, 1415044801, 16, 0, 0, '0.0.0.0'),
(174, 10, 10, 1415044801, 16, 0, 0, '0.0.0.0'),
(175, 10, 10, 1415044801, 16, 0, 0, '0.0.0.0'),
(176, 10, 10, 1415044801, 16, 0, 0, '0.0.0.0'),
(177, 10, 10, 1415044801, 16, 0, 0, '0.0.0.0'),
(178, 10, 10, 1415044801, 16, 0, 0, '0.0.0.0'),
(179, 10, 10, 1415044801, 16, 0, 0, '0.0.0.0'),
(180, 10, 10, 1415044801, 16, 0, 0, '0.0.0.0'),
(181, 10, 10, 1415044801, 16, 0, 0, '0.0.0.0'),
(182, 10, 10, 1415044801, 16, 1.0542, 0, '0.0.0.0'),
(183, 10, 10, 1415044801, 16, 0, 0, '0.0.0.0'),
(184, 9, 10, 1415044801, 16, -786654, 0, '0.0.0.0'),
(185, 10, 11, 1415044801, 17, 0, 0, '0.0.0.0'),
(186, 10, 11, 1415044801, 17, 0.224375, 0, '0.0.0.0'),
(187, 10, 11, 1415044801, 17, 0.12, 0, '0.0.0.0'),
(188, 9, 11, 1415044801, 17, 0.344375, 0, '0.0.0.0'),
(189, 10, 14, 1415044801, 20, 0, 0, '0.0.0.0'),
(190, 10, 24, 1415044801, 30, 0, 0, '0.0.0.0'),
(191, 9, 25, 1415044801, 31, 4.4875, 0, '0.0.0.0'),
(192, 9, 26, 1415044801, 32, 2.4, 0, '0.0.0.0'),
(193, 9, 31, 1415044801, 37, 15.06, 0, '0.0.0.0'),
(194, 2, 27, 1415090553, 33, 500, 0, '37.146.16.18'),
(195, 2, 34, 1415114905, 41, 108, 0, '37.78.241.233'),
(196, 2, 33, 1415132638, 40, 69, 0, '109.60.212.206'),
(197, 1, 10, 1415155584, 16, 786752, 0, '91.222.222.15'),
(198, 2, 35, 1415183924, 42, 50, 0, '176.106.88.161'),
(199, 1, 36, 1415220567, 43, 338, 0, '91.222.220.83'),
(200, 1, 24, 1415365233, 30, 100, 0, '91.222.220.206'),
(201, 1, 24, 1415365288, 30, 255, 0, '91.222.220.206'),
(202, 1, 24, 1415365624, 30, 32, 0, '91.222.220.206'),
(203, 1, 38, 1415400080, 45, 70, 0, '91.222.222.216'),
(204, 1, 39, 1415440020, 46, 100, 0, '91.222.222.129'),
(205, 1, 40, 1415440040, 47, 100, 0, '217.118.90.63'),
(206, 1, 43, 1415565988, 50, 95, 0, '91.222.222.236'),
(207, 2, 44, 1415579290, 51, 300, 0, '178.123.24.118'),
(208, 1, 49, 1415618024, 56, 100, 0, '91.222.223.84'),
(209, 1, 28, 1415618155, 34, 147.27, 0, '217.118.90.53'),
(210, 2, 10, 1415618437, 16, 3350, 0, '91.222.223.84'),
(211, 2, 28, 1415618575, 34, 150.22, 0, '94.19.79.104'),
(212, 2, 10, 1415618649, 16, 3650, 0, '91.222.223.84'),
(213, 2, 51, 1415622223, 58, 50, 0, '91.144.188.79'),
(214, 1, 52, 1415634385, 59, 100, 0, '91.222.221.41'),
(215, 1, 46, 1415634580, 53, 100, 0, '91.222.221.41'),
(216, 1, 50, 1415634761, 57, 100, 0, '91.222.221.41'),
(217, 1, 54, 1415638304, 64, 100, 0, '91.222.221.41'),
(218, 10, 3, 1415649601, 3, 0, 0, '0.0.0.0'),
(219, 10, 3, 1415649601, 3, 0, 0, '0.0.0.0'),
(220, 9, 3, 1415649601, 3, 53.1723, 0, '0.0.0.0'),
(221, 10, 10, 1415649601, 16, 1.06575, 0, '0.0.0.0'),
(222, 10, 10, 1415649601, 16, 14.025, 0, '0.0.0.0'),
(223, 10, 10, 1415649601, 16, 0, 0, '0.0.0.0'),
(224, 10, 10, 1415649601, 16, 2.2237, 0, '0.0.0.0'),
(225, 10, 10, 1415649601, 16, 0.7777, 0, '0.0.0.0'),
(226, 10, 10, 1415649601, 16, 0.307545, 0, '0.0.0.0'),
(227, 10, 10, 1415649601, 16, 0, 0, '0.0.0.0'),
(228, 10, 10, 1415649601, 16, 0, 0, '0.0.0.0'),
(229, 10, 10, 1415649601, 16, 3.26025, 0, '0.0.0.0'),
(230, 10, 10, 1415649601, 16, 0, 0, '0.0.0.0'),
(231, 10, 10, 1415649601, 16, 1.875, 0, '0.0.0.0'),
(232, 10, 10, 1415649601, 16, 0, 0, '0.0.0.0'),
(233, 10, 10, 1415649601, 16, 0, 0, '0.0.0.0'),
(234, 10, 10, 1415649601, 16, 7.49009, 0, '0.0.0.0'),
(235, 10, 10, 1415649601, 16, 2.76938, 0, '0.0.0.0'),
(236, 10, 10, 1415649601, 16, 0.1725, 0, '0.0.0.0'),
(237, 10, 10, 1415649601, 16, 0.324, 0, '0.0.0.0'),
(238, 10, 10, 1415649601, 16, 0.125, 0, '0.0.0.0'),
(239, 10, 10, 1415649601, 16, 0.845, 0, '0.0.0.0'),
(240, 10, 10, 1415649601, 16, 0, 0, '0.0.0.0'),
(241, 10, 10, 1415649601, 16, 0.1, 0, '0.0.0.0'),
(242, 10, 10, 1415649601, 16, 0, 0, '0.0.0.0'),
(243, 10, 10, 1415649601, 16, 0, 0, '0.0.0.0'),
(244, 10, 10, 1415649601, 16, 0, 0, '0.0.0.0'),
(245, 10, 10, 1415649601, 16, 0, 0, '0.0.0.0'),
(246, 10, 10, 1415649601, 16, 0, 0, '0.0.0.0'),
(247, 9, 10, 1415649601, 16, 309.111, 0, '0.0.0.0'),
(248, 10, 11, 1415649601, 17, 1.69214, 0, '0.0.0.0'),
(249, 10, 11, 1415649601, 17, 1.59026, 0, '0.0.0.0'),
(250, 10, 11, 1415649601, 17, 0.8484, 0, '0.0.0.0'),
(251, 9, 11, 1415649601, 17, 36.1645, 0, '0.0.0.0'),
(252, 9, 12, 1415649601, 18, 8.4133, 0, '0.0.0.0'),
(253, 10, 14, 1415649601, 20, 14.025, 0, '0.0.0.0'),
(254, 9, 14, 1415649601, 20, 29.25, 0, '0.0.0.0'),
(255, 9, 15, 1415649601, 21, 33.8428, 0, '0.0.0.0'),
(256, 10, 16, 1415649601, 22, 0, 0, '0.0.0.0'),
(257, 9, 16, 1415649601, 22, 312.111, 0, '0.0.0.0'),
(258, 9, 18, 1415649601, 24, 44.4741, 0, '0.0.0.0'),
(259, 9, 19, 1415649601, 25, 280.5, 0, '0.0.0.0'),
(260, 9, 20, 1415649601, 26, 15.554, 0, '0.0.0.0'),
(261, 9, 22, 1415649601, 27, 6.1509, 0, '0.0.0.0'),
(262, 10, 24, 1415649601, 30, 0, 0, '0.0.0.0'),
(263, 9, 24, 1415649601, 30, 46.575, 0, '0.0.0.0'),
(264, 9, 25, 1415649601, 31, 31.8051, 0, '0.0.0.0'),
(265, 9, 26, 1415649601, 32, 16.968, 0, '0.0.0.0'),
(266, 9, 27, 1415649601, 33, 37.5, 0, '0.0.0.0'),
(267, 9, 31, 1415649601, 37, 107.001, 0, '0.0.0.0'),
(268, 9, 32, 1415649601, 38, 55.3875, 0, '0.0.0.0'),
(269, 9, 33, 1415649601, 40, 3.45, 0, '0.0.0.0'),
(270, 9, 34, 1415649601, 41, 6.48, 0, '0.0.0.0'),
(271, 9, 35, 1415649601, 42, 2.5, 0, '0.0.0.0'),
(272, 9, 36, 1415649601, 43, 16.9, 0, '0.0.0.0'),
(273, 9, 38, 1415649601, 45, 0.7, 0, '0.0.0.0'),
(274, 10, 39, 1415649601, 46, 0, 0, '0.0.0.0'),
(275, 9, 39, 1415649601, 46, 2, 0, '0.0.0.0'),
(276, 10, 44, 1415649602, 51, 0, 0, '0.0.0.0'),
(277, 10, 49, 1415649602, 56, 0, 0, '0.0.0.0'),
(278, 10, 49, 1415649602, 56, 0, 0, '0.0.0.0'),
(279, 1, 56, 1415660313, 66, 100, 0, '91.222.221.101'),
(280, 8, 24, 1415703476, 30, 45, 0, '91.222.220.85'),
(281, 1, 24, 1415717303, 30, 15, 0, '91.222.223.29'),
(282, 8, 11, 1415718695, 17, 221, 0, '91.222.223.29'),
(283, 8, 11, 1415718739, 17, 0.247, 0, '91.222.223.29'),
(284, 1, 59, 1415730882, 69, 100, 0, '91.222.221.181'),
(285, 1, 38, 1415954171, 45, 129.3, 0, '91.222.220.77'),
(286, 8, 19, 1416129753, 25, 220.5, 0, '91.222.220.18'),
(287, 10, 3, 1416254401, 3, 0, 0, '0.0.0.0'),
(288, 10, 3, 1416254401, 3, 0, 0, '0.0.0.0'),
(289, 9, 3, 1416254401, 3, 45.1964, 0, '0.0.0.0'),
(290, 10, 10, 1416254401, 16, 7.67524, 0, '0.0.0.0'),
(291, 10, 10, 1416254401, 16, 0, 0, '0.0.0.0'),
(292, 10, 10, 1416254401, 16, 0, 0, '0.0.0.0'),
(293, 10, 10, 1416254401, 16, 2.41828, 0, '0.0.0.0'),
(294, 10, 10, 1416254401, 16, 0, 0, '0.0.0.0'),
(295, 10, 10, 1416254401, 16, 0, 0, '0.0.0.0'),
(296, 10, 10, 1416254401, 16, 0, 0, '0.0.0.0'),
(297, 10, 10, 1416254401, 16, 0, 0, '0.0.0.0'),
(298, 10, 10, 1416254401, 16, 6.62489, 0, '0.0.0.0'),
(299, 10, 10, 1416254401, 16, 0, 0, '0.0.0.0'),
(300, 10, 10, 1416254401, 16, 2.35156, 0, '0.0.0.0'),
(301, 10, 10, 1416254401, 16, 0.52577, 0, '0.0.0.0'),
(302, 10, 10, 1416254401, 16, 0, 0, '0.0.0.0'),
(303, 10, 10, 1416254401, 16, 8.27654, 0, '0.0.0.0'),
(304, 10, 10, 1416254401, 16, 3.0117, 0, '0.0.0.0'),
(305, 10, 10, 1416254401, 16, 0, 0, '0.0.0.0'),
(306, 10, 10, 1416254401, 16, 0, 0, '0.0.0.0'),
(307, 10, 10, 1416254401, 16, 0, 0, '0.0.0.0'),
(308, 10, 10, 1416254401, 16, 0, 0, '0.0.0.0'),
(309, 10, 10, 1416254401, 16, 1.55269, 0, '0.0.0.0'),
(310, 10, 10, 1416254401, 16, 0, 0, '0.0.0.0'),
(311, 10, 10, 1416254401, 16, 0.357, 0, '0.0.0.0'),
(312, 10, 10, 1416254401, 16, 0.14, 0, '0.0.0.0'),
(313, 10, 10, 1416254401, 16, 0, 0, '0.0.0.0'),
(314, 10, 10, 1416254401, 16, 0, 0, '0.0.0.0'),
(315, 10, 10, 1416254401, 16, 0, 0, '0.0.0.0'),
(316, 10, 10, 1416254401, 16, 0, 0, '0.0.0.0'),
(317, 10, 10, 1416254401, 16, 0, 0, '0.0.0.0'),
(318, 10, 10, 1416254401, 16, 0, 0, '0.0.0.0'),
(319, 10, 10, 1416254401, 16, 0.3325, 0, '0.0.0.0'),
(320, 10, 10, 1416254401, 16, 1.3125, 0, '0.0.0.0'),
(321, 10, 10, 1416254401, 16, 0.28, 0, '0.0.0.0'),
(322, 10, 10, 1416254401, 16, 0, 0, '0.0.0.0'),
(323, 10, 10, 1416254401, 16, 0, 0, '0.0.0.0'),
(324, 9, 10, 1416254401, 16, 450.565, 0, '0.0.0.0'),
(325, 10, 11, 1416254401, 17, 1.8402, 0, '0.0.0.0'),
(326, 10, 11, 1416254401, 17, 1.7294, 0, '0.0.0.0'),
(327, 10, 11, 1416254401, 17, 0.259368, 0, '0.0.0.0'),
(328, 9, 11, 1416254401, 17, 14.629, 0, '0.0.0.0'),
(329, 9, 12, 1416254401, 18, 7.71618, 0, '0.0.0.0'),
(330, 10, 14, 1416254401, 20, 0, 0, '0.0.0.0'),
(331, 9, 14, 1416254401, 20, 109.646, 0, '0.0.0.0'),
(332, 9, 15, 1416254401, 21, 36.8041, 0, '0.0.0.0'),
(333, 10, 16, 1416254401, 22, 0, 0, '0.0.0.0'),
(334, 9, 16, 1416254401, 22, 344.883, 0, '0.0.0.0'),
(335, 9, 18, 1416254401, 24, 48.3655, 0, '0.0.0.0'),
(336, 9, 19, 1416254401, 25, -934287, 0, '0.0.0.0'),
(337, 10, 24, 1416254401, 30, 0, 0, '0.0.0.0'),
(338, 9, 24, 1416254401, 30, 94.6413, 0, '0.0.0.0'),
(339, 9, 25, 1416254401, 31, 34.5881, 0, '0.0.0.0'),
(340, 9, 26, 1416254401, 32, 5.18736, 0, '0.0.0.0'),
(341, 9, 27, 1416254401, 33, 47.0312, 0, '0.0.0.0'),
(342, 9, 28, 1416254401, 34, 10.5154, 0, '0.0.0.0'),
(343, 9, 31, 1416254401, 37, 118.236, 0, '0.0.0.0'),
(344, 9, 32, 1416254401, 38, 60.234, 0, '0.0.0.0'),
(345, 10, 34, 1416254401, 41, 0, 0, '0.0.0.0'),
(346, 9, 34, 1416254401, 41, 3.4344, 0, '0.0.0.0'),
(347, 9, 36, 1416254401, 43, 31.0537, 0, '0.0.0.0'),
(348, 9, 38, 1416254401, 45, 6, 0, '0.0.0.0'),
(349, 10, 39, 1416254401, 46, 0.14, 0, '0.0.0.0'),
(350, 10, 39, 1416254401, 46, 0, 0, '0.0.0.0'),
(351, 10, 39, 1416254401, 46, 0, 0, '0.0.0.0'),
(352, 10, 39, 1416254401, 46, 0, 0, '0.0.0.0'),
(353, 10, 39, 1416254401, 46, 0, 0, '0.0.0.0'),
(354, 10, 39, 1416254401, 46, 0, 0, '0.0.0.0'),
(355, 9, 39, 1416254401, 46, 7.28, 0, '0.0.0.0'),
(356, 9, 43, 1416254401, 50, 6.65, 0, '0.0.0.0'),
(357, 10, 44, 1416254402, 51, 0.28, 0, '0.0.0.0'),
(358, 10, 44, 1416254402, 51, 0, 0, '0.0.0.0'),
(359, 9, 44, 1416254402, 51, 26.53, 0, '0.0.0.0'),
(360, 9, 46, 1416254402, 53, 7, 0, '0.0.0.0'),
(361, 10, 49, 1416254402, 56, 0.35, 0, '0.0.0.0'),
(362, 10, 49, 1416254402, 56, 0.3, 0, '0.0.0.0'),
(363, 9, 49, 1416254402, 56, 7.65, 0, '0.0.0.0'),
(364, 9, 50, 1416254402, 57, 7, 0, '0.0.0.0'),
(365, 9, 51, 1416254402, 58, 3.5, 0, '0.0.0.0'),
(366, 9, 52, 1416254402, 59, 7, 0, '0.0.0.0'),
(367, 9, 54, 1416254402, 64, 7, 0, '0.0.0.0'),
(368, 9, 56, 1416254402, 66, 6, 0, '0.0.0.0'),
(369, 10, 59, 1416254402, 69, 0, 0, '0.0.0.0'),
(370, 9, 59, 1416254402, 69, 6, 0, '0.0.0.0'),
(371, 2, 22, 1416300865, 27, 362.021, 0, '31.29.189.211'),
(372, 2, 67, 1416331767, 79, 50, 0, '128.70.112.177'),
(373, 1, 19, 1416380912, 25, 934455, 0, '91.222.222.106'),
(374, 1, 20, 1416381327, 26, 15.916, 0, '91.222.222.106'),
(375, 8, 25, 1416576551, 31, 214.88, 0, '217.118.90.216'),
(376, 1, 25, 1416576614, 31, 50, 0, '217.118.90.216'),
(377, 1, 11, 1416576650, 17, 164.371, 0, '217.118.90.216'),
(378, 1, 51, 1416577066, 58, 1.5, 0, '217.118.90.216'),
(379, 1, 38, 1416660540, 45, 5, 0, '91.222.222.26'),
(380, 1, 38, 1416660578, 45, 5.3, 0, '91.222.222.26'),
(381, 1, 12, 1416750199, 18, 135.681, 0, '91.222.222.236'),
(382, 1, 15, 1416750241, 21, 100, 0, '91.222.222.236'),
(383, 1, 75, 1416841109, 87, 64, 0, '91.222.221.41'),
(384, 10, 3, 1416859201, 3, 0, 0, '0.0.0.0'),
(385, 10, 3, 1416859201, 3, 0, 0, '0.0.0.0'),
(386, 9, 3, 1416859201, 3, 83.0484, 0, '0.0.0.0'),
(387, 10, 10, 1416859202, 16, 8.48116, 0, '0.0.0.0'),
(388, 10, 10, 1416859202, 16, 14.88, 0, '0.0.0.0'),
(389, 10, 10, 1416859202, 16, 0, 0, '0.0.0.0'),
(390, 10, 10, 1416859202, 16, 0, 0, '0.0.0.0'),
(391, 10, 10, 1416859202, 16, 0.792719, 0, '0.0.0.0'),
(392, 10, 10, 1416859202, 16, 1.35758, 0, '0.0.0.0'),
(393, 10, 10, 1416859202, 16, 0, 0, '0.0.0.0'),
(394, 10, 10, 1416859202, 16, 0, 0, '0.0.0.0'),
(395, 10, 10, 1416859202, 16, 8.42464, 0, '0.0.0.0'),
(396, 10, 10, 1416859202, 16, 0, 0, '0.0.0.0'),
(397, 10, 10, 1416859202, 16, 0, 0, '0.0.0.0'),
(398, 10, 10, 1416859202, 16, 0.32147, 0, '0.0.0.0'),
(399, 10, 10, 1416859202, 16, 0, 0, '0.0.0.0'),
(400, 10, 10, 1416859202, 16, 9.14561, 0, '0.0.0.0'),
(401, 10, 10, 1416859202, 16, 0, 0, '0.0.0.0'),
(402, 10, 10, 1416859202, 16, 0, 0, '0.0.0.0'),
(403, 10, 10, 1416859202, 16, 0.294785, 0, '0.0.0.0'),
(404, 10, 10, 1416859202, 16, 0, 0, '0.0.0.0'),
(405, 10, 10, 1416859202, 16, 0, 0, '0.0.0.0'),
(406, 10, 10, 1416859202, 16, 1.68855, 0, '0.0.0.0'),
(407, 10, 10, 1416859202, 16, 0, 0, '0.0.0.0'),
(408, 10, 10, 1416859202, 16, 0.2732, 0, '0.0.0.0'),
(409, 10, 10, 1416859202, 16, 0.066, 0, '0.0.0.0'),
(410, 10, 10, 1416859202, 16, 0, 0, '0.0.0.0'),
(411, 10, 10, 1416859202, 16, 0, 0, '0.0.0.0'),
(412, 10, 10, 1416859202, 16, 0, 0, '0.0.0.0'),
(413, 10, 10, 1416859202, 16, 0, 0, '0.0.0.0'),
(414, 10, 10, 1416859202, 16, 0, 0, '0.0.0.0'),
(415, 10, 10, 1416859202, 16, 0, 0, '0.0.0.0'),
(416, 10, 10, 1416859202, 16, 0.355775, 0, '0.0.0.0'),
(417, 10, 10, 1416859202, 16, 1.22449, 0, '0.0.0.0'),
(418, 10, 10, 1416859202, 16, 0.2568, 0, '0.0.0.0'),
(419, 10, 10, 1416859202, 16, 0, 0, '0.0.0.0'),
(420, 10, 10, 1416859202, 16, 0, 0, '0.0.0.0'),
(421, 10, 10, 1416859202, 16, 0, 0, '0.0.0.0'),
(422, 10, 10, 1416859202, 16, 0, 0, '0.0.0.0'),
(423, 10, 10, 1416859202, 16, 0, 0, '0.0.0.0'),
(424, 10, 10, 1416859202, 16, 0, 0, '0.0.0.0'),
(425, 10, 10, 1416859202, 16, 0, 0, '0.0.0.0'),
(426, 10, 10, 1416859202, 16, 0, 0, '0.0.0.0'),
(427, 9, 10, 1416859202, 16, 510.579, 0, '0.0.0.0'),
(428, 10, 11, 1416859202, 17, 0.285889, 0, '0.0.0.0'),
(429, 10, 11, 1416859202, 17, 0.496875, 0, '0.0.0.0'),
(430, 10, 11, 1416859202, 17, 0.925943, 0, '0.0.0.0'),
(431, 9, 11, 1416859202, 17, 15.1637, 0, '0.0.0.0'),
(432, 9, 12, 1416859202, 18, 1.36, 0, '0.0.0.0'),
(433, 10, 14, 1416859202, 20, 14.88, 0, '0.0.0.0'),
(434, 9, 14, 1416859202, 20, 136.04, 0, '0.0.0.0'),
(435, 9, 15, 1416859202, 21, 5.71777, 0, '0.0.0.0'),
(436, 10, 16, 1416859202, 22, 0, 0, '0.0.0.0'),
(437, 9, 16, 1416859202, 22, 381.095, 0, '0.0.0.0'),
(438, 9, 18, 1416859202, 24, 22.5418, 0, '0.0.0.0'),
(439, 9, 19, 1416859202, 25, 297.6, 0, '0.0.0.0'),
(440, 9, 20, 1416859202, 26, 15.8544, 0, '0.0.0.0'),
(441, 9, 22, 1416859202, 27, 27.1516, 0, '0.0.0.0'),
(442, 10, 24, 1416859202, 30, 0, 0, '0.0.0.0'),
(443, 9, 24, 1416859202, 30, 120.352, 0, '0.0.0.0'),
(444, 9, 25, 1416859202, 31, 9.9375, 0, '0.0.0.0'),
(445, 9, 26, 1416859202, 32, 18.5189, 0, '0.0.0.0'),
(446, 9, 27, 1416859202, 33, 43.8398, 0, '0.0.0.0'),
(447, 9, 28, 1416859202, 34, 6.4294, 0, '0.0.0.0'),
(448, 9, 31, 1416859202, 37, 130.652, 0, '0.0.0.0'),
(449, 9, 32, 1416859202, 38, 46.7889, 0, '0.0.0.0'),
(450, 10, 34, 1416859202, 41, 0, 0, '0.0.0.0'),
(451, 9, 34, 1416859202, 41, 5.8957, 0, '0.0.0.0'),
(452, 9, 36, 1416859202, 43, 33.771, 0, '0.0.0.0'),
(453, 10, 39, 1416859202, 46, 0.066, 0, '0.0.0.0'),
(454, 10, 39, 1416859202, 46, 0, 0, '0.0.0.0'),
(455, 10, 39, 1416859202, 46, 0, 0, '0.0.0.0'),
(456, 10, 39, 1416859202, 46, 0, 0, '0.0.0.0'),
(457, 10, 39, 1416859202, 46, 0, 0, '0.0.0.0'),
(458, 10, 39, 1416859202, 46, 0, 0, '0.0.0.0'),
(459, 9, 39, 1416859202, 46, 5.53, 0, '0.0.0.0'),
(460, 9, 43, 1416859202, 50, 7.1155, 0, '0.0.0.0'),
(461, 10, 44, 1416859202, 51, 0.2996, 0, '0.0.0.0'),
(462, 10, 44, 1416859202, 51, 0, 0, '0.0.0.0'),
(463, 9, 44, 1416859202, 51, 28.871, 0, '0.0.0.0'),
(464, 9, 46, 1416859202, 53, 7.49, 0, '0.0.0.0'),
(465, 10, 49, 1416859202, 56, 0.3745, 0, '0.0.0.0'),
(466, 10, 49, 1416859202, 56, 0.371, 0, '0.0.0.0'),
(467, 9, 49, 1416859202, 56, 8.281, 0, '0.0.0.0'),
(468, 9, 50, 1416859202, 57, 7.49, 0, '0.0.0.0'),
(469, 9, 51, 1416859202, 58, 1.65, 0, '0.0.0.0'),
(470, 9, 52, 1416859202, 59, 7.49, 0, '0.0.0.0'),
(471, 9, 54, 1416859202, 64, 7.49, 0, '0.0.0.0'),
(472, 9, 56, 1416859202, 66, 7.42, 0, '0.0.0.0'),
(473, 10, 59, 1416859202, 69, 0, 0, '0.0.0.0'),
(474, 9, 59, 1416859202, 69, 7.42, 0, '0.0.0.0'),
(475, 9, 67, 1416859202, 79, 2, 0, '0.0.0.0'),
(476, 1, 35, 1416900095, 42, 80, 0, '91.222.220.66'),
(477, 1, 20, 1416936578, 26, 7, 0, '91.222.220.149'),
(478, 1, 76, 1417267284, 88, 50, 0, '91.222.223.160'),
(479, 1, 27, 1417379982, 33, 628.369, 0, '91.222.221.214'),
(480, 1, 34, 1417380026, 41, 123.81, 0, '91.222.221.214'),
(481, 1, 28, 1417380074, 34, 167.156, 0, '91.222.221.214'),
(482, 10, 3, 1417381201, 3, 0, 0, '0.0.0.0'),
(483, 10, 3, 1417381201, 3, 0, 0, '0.0.0.0'),
(484, 9, 3, 1417381201, 3, 77.4128, 0, '0.0.0.0'),
(485, 10, 10, 1417381201, 16, 8.12662, 0, '0.0.0.0'),
(486, 10, 10, 1417381202, 16, 19.1952, 0, '0.0.0.0'),
(487, 10, 10, 1417381202, 16, 0, 0, '0.0.0.0'),
(488, 10, 10, 1417381202, 16, 0, 0, '0.0.0.0'),
(489, 10, 10, 1417381202, 16, 0, 0, '0.0.0.0'),
(490, 10, 10, 1417381202, 16, 1.4594, 0, '0.0.0.0'),
(491, 10, 10, 1417381202, 16, 0, 0, '0.0.0.0'),
(492, 10, 10, 1417381202, 16, 0, 0, '0.0.0.0'),
(493, 10, 10, 1417381202, 16, 7.97933, 0, '0.0.0.0'),
(494, 10, 10, 1417381202, 16, 0, 0, '0.0.0.0'),
(495, 10, 10, 1417381202, 16, 0, 0, '0.0.0.0'),
(496, 10, 10, 1417381202, 16, 0, 0, '0.0.0.0'),
(497, 10, 10, 1417381202, 16, 0, 0, '0.0.0.0'),
(498, 10, 10, 1417381202, 16, 8.66218, 0, '0.0.0.0'),
(499, 10, 10, 1417381202, 16, 0, 0, '0.0.0.0'),
(500, 10, 10, 1417381202, 16, 0, 0, '0.0.0.0'),
(501, 10, 10, 1417381202, 16, 0, 0, '0.0.0.0'),
(502, 10, 10, 1417381202, 16, 0, 0, '0.0.0.0'),
(503, 10, 10, 1417381202, 16, 0.2, 0, '0.0.0.0'),
(504, 10, 10, 1417381202, 16, 1.04931, 0, '0.0.0.0'),
(505, 10, 10, 1417381202, 16, 0, 0, '0.0.0.0'),
(506, 10, 10, 1417381202, 16, 0, 0, '0.0.0.0'),
(507, 10, 10, 1417381202, 16, 0.13596, 0, '0.0.0.0'),
(508, 10, 10, 1417381202, 16, 0, 0, '0.0.0.0'),
(509, 10, 10, 1417381202, 16, 0, 0, '0.0.0.0'),
(510, 10, 10, 1417381202, 16, 0, 0, '0.0.0.0'),
(511, 10, 10, 1417381202, 16, 0, 0, '0.0.0.0'),
(512, 10, 10, 1417381202, 16, 0, 0, '0.0.0.0'),
(513, 10, 10, 1417381202, 16, 0, 0, '0.0.0.0'),
(514, 10, 10, 1417381202, 16, 0.326298, 0, '0.0.0.0'),
(515, 10, 10, 1417381202, 16, 0, 0, '0.0.0.0'),
(516, 10, 10, 1417381202, 16, 0.274776, 0, '0.0.0.0'),
(517, 10, 10, 1417381202, 16, 0, 0, '0.0.0.0'),
(518, 10, 10, 1417381202, 16, 0, 0, '0.0.0.0'),
(519, 10, 10, 1417381202, 16, 0, 0, '0.0.0.0'),
(520, 10, 10, 1417381202, 16, 0, 0, '0.0.0.0'),
(521, 10, 10, 1417381202, 16, 0, 0, '0.0.0.0'),
(522, 10, 10, 1417381202, 16, 0, 0, '0.0.0.0'),
(523, 10, 10, 1417381202, 16, 0, 0, '0.0.0.0'),
(524, 10, 10, 1417381202, 16, 0.192, 0, '0.0.0.0'),
(525, 9, 10, 1417381202, 16, 490.424, 0, '0.0.0.0'),
(526, 10, 11, 1417381202, 17, 1.73678, 0, '0.0.0.0'),
(527, 10, 11, 1417381202, 17, 1.03102, 0, '0.0.0.0'),
(528, 10, 11, 1417381202, 17, 0, 0, '0.0.0.0'),
(529, 9, 11, 1417381202, 17, 31.0426, 0, '0.0.0.0'),
(530, 9, 12, 1417381202, 18, 8.2416, 0, '0.0.0.0'),
(531, 10, 14, 1417381202, 20, 19.1952, 0, '0.0.0.0'),
(532, 9, 14, 1417381202, 20, 135.29, 0, '0.0.0.0'),
(533, 9, 15, 1417381202, 21, 34.7355, 0, '0.0.0.0'),
(534, 10, 16, 1417381202, 22, 0, 0, '0.0.0.0'),
(535, 9, 16, 1417381202, 22, 360.952, 0, '0.0.0.0'),
(536, 9, 19, 1417381202, 25, 383.904, 0, '0.0.0.0'),
(537, 9, 20, 1417381202, 26, -56684, 0, '0.0.0.0'),
(538, 9, 22, 1417381202, 27, 29.188, 0, '0.0.0.0'),
(539, 10, 24, 1417381202, 30, 0, 0, '0.0.0.0'),
(540, 9, 24, 1417381202, 30, 113.99, 0, '0.0.0.0'),
(541, 9, 25, 1417381202, 31, 20.6203, 0, '0.0.0.0'),
(542, 9, 31, 1417381202, 37, 123.745, 0, '0.0.0.0'),
(543, 10, 34, 1417381202, 41, 0, 0, '0.0.0.0'),
(544, 9, 35, 1417381202, 42, 4, 0, '0.0.0.0'),
(545, 9, 36, 1417381202, 43, 20.9862, 0, '0.0.0.0'),
(546, 10, 39, 1417381202, 46, 0.13596, 0, '0.0.0.0'),
(547, 10, 39, 1417381202, 46, 0, 0, '0.0.0.0'),
(548, 10, 39, 1417381202, 46, 0, 0, '0.0.0.0'),
(549, 10, 39, 1417381202, 46, 0, 0, '0.0.0.0'),
(550, 10, 39, 1417381202, 46, 0, 0, '0.0.0.0'),
(551, 10, 39, 1417381202, 46, 0, 0, '0.0.0.0'),
(552, 9, 39, 1417381202, 46, 2.32836, 0, '0.0.0.0'),
(553, 9, 43, 1417381202, 50, 6.52596, 0, '0.0.0.0'),
(554, 10, 44, 1417381202, 51, 0.274776, 0, '0.0.0.0'),
(555, 10, 44, 1417381202, 51, 0, 0, '0.0.0.0'),
(556, 9, 44, 1417381202, 51, 22.4873, 0, '0.0.0.0'),
(557, 9, 46, 1417381202, 53, 6.8694, 0, '0.0.0.0'),
(558, 10, 49, 1417381202, 56, 0.34347, 0, '0.0.0.0'),
(559, 10, 49, 1417381202, 56, 0.34026, 0, '0.0.0.0'),
(560, 9, 49, 1417381202, 56, 7.63959, 0, '0.0.0.0'),
(561, 9, 50, 1417381202, 57, 6.8694, 0, '0.0.0.0'),
(562, 9, 51, 1417381202, 58, 3.399, 0, '0.0.0.0'),
(563, 9, 52, 1417381202, 59, 6.8694, 0, '0.0.0.0'),
(564, 9, 54, 1417381202, 64, 6.8694, 0, '0.0.0.0'),
(565, 9, 56, 1417381202, 66, 6.8052, 0, '0.0.0.0'),
(566, 10, 59, 1417381202, 69, 0, 0, '0.0.0.0'),
(567, 9, 59, 1417381202, 69, 6.8052, 0, '0.0.0.0'),
(568, 9, 67, 1417381202, 79, 2.6, 0, '0.0.0.0'),
(569, 9, 75, 1417381202, 87, 3.84, 0, '0.0.0.0'),
(570, 9, 76, 1417381202, 88, 0.5, 0, '0.0.0.0'),
(571, 1, 34, 1417450622, 41, 10, 0, '91.222.220.97'),
(572, 1, 77, 1417452188, 89, 217, 0, '91.222.220.97'),
(573, 1, 20, 1417452439, 26, 56707.4, 0, '91.222.220.97'),
(574, 8, 77, 1417452726, 89, 212.66, 0, '91.222.220.97'),
(575, 1, 77, 1417452735, 89, 212.66, 0, '91.222.220.97'),
(576, 1, 31, 1417468040, 37, 20.54, 0, '91.222.220.97'),
(577, 1, 31, 1417468131, 37, 22.54, 0, '91.222.220.97'),
(578, 10, 3, 1417986001, 3, 0, 0, '0.0.0.0'),
(579, 10, 3, 1417986001, 3, 0, 0, '0.0.0.0'),
(580, 9, 3, 1417986001, 3, 13.8698, 0, '0.0.0.0'),
(581, 10, 10, 1417986001, 16, 8.97895, 0, '0.0.0.0'),
(582, 10, 10, 1417986001, 16, 20.9228, 0, '0.0.0.0'),
(583, 10, 10, 1417986001, 16, 0, 0, '0.0.0.0'),
(584, 10, 10, 1417986001, 16, 2.7285, 0, '0.0.0.0'),
(585, 10, 10, 1417986001, 16, 1.125, 0, '0.0.0.0'),
(586, 10, 10, 1417986001, 16, 1.56885, 0, '0.0.0.0'),
(587, 10, 10, 1417986001, 16, 0, 0, '0.0.0.0'),
(588, 10, 10, 1417986001, 16, 0, 0, '0.0.0.0'),
(589, 10, 10, 1417986001, 16, 8.69746, 0, '0.0.0.0'),
(590, 10, 10, 1417986001, 16, 0, 0, '0.0.0.0'),
(591, 10, 10, 1417986001, 16, 2.74912, 0, '0.0.0.0'),
(592, 10, 10, 1417986001, 16, 0.58506, 0, '0.0.0.0'),
(593, 10, 10, 1417986001, 16, 0, 0, '0.0.0.0'),
(594, 10, 10, 1417986001, 16, 8.09435, 0, '0.0.0.0'),
(595, 10, 10, 1417986001, 16, 0, 0, '0.0.0.0'),
(596, 10, 10, 1417986001, 16, 0, 0, '0.0.0.0'),
(597, 10, 10, 1417986001, 16, 0.40143, 0, '0.0.0.0'),
(598, 10, 10, 1417986001, 16, 0, 0, '0.0.0.0'),
(599, 10, 10, 1417986001, 16, 0, 0, '0.0.0.0'),
(600, 10, 10, 1417986001, 16, 1.65267, 0, '0.0.0.0'),
(601, 10, 10, 1417986001, 16, 0, 0, '0.0.0.0'),
(602, 10, 10, 1417986001, 16, 0.171415, 0, '0.0.0.0'),
(603, 10, 10, 1417986001, 16, 0.02402, 0, '0.0.0.0'),
(604, 10, 10, 1417986001, 16, 0, 0, '0.0.0.0'),
(605, 10, 10, 1417986001, 16, 0, 0, '0.0.0.0'),
(606, 10, 10, 1417986001, 16, 0, 0, '0.0.0.0'),
(607, 10, 10, 1417986001, 16, 0, 0, '0.0.0.0'),
(608, 10, 10, 1417986001, 16, 0, 0, '0.0.0.0'),
(609, 10, 10, 1417986001, 16, 0, 0, '0.0.0.0'),
(610, 10, 10, 1417986001, 16, 0.345876, 0, '0.0.0.0'),
(611, 10, 10, 1417986001, 16, 0, 0, '0.0.0.0'),
(612, 10, 10, 1417986001, 16, 0.291262, 0, '0.0.0.0'),
(613, 10, 10, 1417986001, 16, 0, 0, '0.0.0.0'),
(614, 10, 10, 1417986001, 16, 0, 0, '0.0.0.0'),
(615, 10, 10, 1417986001, 16, 0, 0, '0.0.0.0'),
(616, 10, 10, 1417986001, 16, 0, 0, '0.0.0.0'),
(617, 10, 10, 1417986001, 16, 0, 0, '0.0.0.0'),
(618, 10, 10, 1417986001, 16, 0, 0, '0.0.0.0'),
(619, 10, 10, 1417986001, 16, 0, 0, '0.0.0.0'),
(620, 10, 10, 1417986001, 16, 0.03392, 0, '0.0.0.0'),
(621, 10, 10, 1417986001, 16, 0, 0, '0.0.0.0'),
(622, 9, 10, 1417986001, 16, 383.011, 0, '0.0.0.0'),
(623, 10, 11, 1417986001, 17, 1.86703, 0, '0.0.0.0'),
(624, 10, 11, 1417986001, 17, 1.10834, 0, '0.0.0.0'),
(625, 10, 11, 1417986001, 17, 1.06153, 0, '0.0.0.0'),
(626, 9, 11, 1417986001, 17, 35.1055, 0, '0.0.0.0'),
(627, 9, 12, 1417986001, 18, 4.36806, 0, '0.0.0.0'),
(628, 10, 14, 1417986001, 20, 20.9228, 0, '0.0.0.0'),
(629, 9, 14, 1417986001, 20, 149.193, 0, '0.0.0.0'),
(630, 9, 15, 1417986001, 21, 37.3406, 0, '0.0.0.0'),
(631, 10, 16, 1417986001, 22, 0, 0, '0.0.0.0'),
(632, 9, 16, 1417986001, 22, 327.865, 0, '0.0.0.0'),
(633, 9, 18, 1417986001, 24, 54.57, 0, '0.0.0.0'),
(634, 9, 19, 1417986001, 25, 418.455, 0, '0.0.0.0'),
(635, 9, 20, 1417986001, 26, 22.5, 0, '0.0.0.0'),
(636, 9, 22, 1417986001, 27, 31.3771, 0, '0.0.0.0'),
(637, 10, 24, 1417986001, 30, 0, 0, '0.0.0.0'),
(638, 9, 24, 1417986001, 30, 124.249, 0, '0.0.0.0'),
(639, 9, 25, 1417986001, 31, 22.1668, 0, '0.0.0.0'),
(640, 9, 26, 1417986001, 32, 21.2306, 0, '0.0.0.0'),
(641, 9, 27, 1417986001, 33, 54.9824, 0, '0.0.0.0'),
(642, 9, 28, 1417986001, 34, 11.7012, 0, '0.0.0.0'),
(643, 9, 31, 1417986001, 37, 115.633, 0, '0.0.0.0'),
(644, 10, 34, 1417986001, 41, 0, 0, '0.0.0.0'),
(645, 9, 34, 1417986001, 41, 8.0286, 0, '0.0.0.0'),
(646, 9, 35, 1417986001, 42, 3.36, 0, '0.0.0.0'),
(647, 9, 36, 1417986001, 43, 33.0533, 0, '0.0.0.0'),
(648, 10, 39, 1417986001, 46, 0.02402, 0, '0.0.0.0'),
(649, 10, 39, 1417986001, 46, 0, 0, '0.0.0.0'),
(650, 10, 39, 1417986001, 46, 0, 0, '0.0.0.0'),
(651, 10, 39, 1417986001, 46, 0, 0, '0.0.0.0'),
(652, 10, 39, 1417986001, 46, 0, 0, '0.0.0.0'),
(653, 10, 39, 1417986001, 46, 0, 0, '0.0.0.0'),
(654, 9, 39, 1417986001, 46, 3.45232, 0, '0.0.0.0'),
(655, 9, 43, 1417986001, 50, 6.91752, 0, '0.0.0.0'),
(656, 9, 46, 1417986001, 53, 7.28154, 0, '0.0.0.0'),
(657, 10, 49, 1417986001, 56, 0.364077, 0, '0.0.0.0'),
(658, 10, 49, 1417986001, 56, 0.360675, 0, '0.0.0.0'),
(659, 9, 49, 1417986001, 56, 8.13901, 0, '0.0.0.0'),
(660, 9, 50, 1417986001, 57, 7.28154, 0, '0.0.0.0'),
(661, 9, 51, 1417986001, 58, 0.60049, 0, '0.0.0.0'),
(662, 9, 52, 1417986001, 59, 7.28154, 0, '0.0.0.0'),
(663, 9, 54, 1417986001, 64, 7.28154, 0, '0.0.0.0'),
(664, 9, 56, 1417986001, 66, 7.2135, 0, '0.0.0.0'),
(665, 10, 59, 1417986001, 69, 0, 0, '0.0.0.0'),
(666, 9, 59, 1417986001, 69, 7.2135, 0, '0.0.0.0'),
(667, 9, 75, 1417986001, 87, 0.6784, 0, '0.0.0.0'),
(668, 9, 76, 1417986001, 88, 3.03, 0, '0.0.0.0');

-- --------------------------------------------------------

--
-- Структура таблицы `events_types`
--

CREATE TABLE IF NOT EXISTS `events_types` (
  `id` int(11) unsigned NOT NULL AUTO_INCREMENT,
  `code` varchar(64) NOT NULL,
  `title` varchar(255) NOT NULL,
  `description` varchar(255) NOT NULL,
  PRIMARY KEY (`id`),
  UNIQUE KEY `uniq_code` (`code`)
) ENGINE=InnoDB  DEFAULT CHARSET=utf8 AUTO_INCREMENT=11 ;

--
-- Дамп данных таблицы `events_types`
--

INSERT INTO `events_types` (`id`, `code`, `title`, `description`) VALUES
(1, 'add', 'Начислено', 'Начислено Администрацией'),
(2, 'add_perfect', 'Начислено через Perfect Money', 'Начислено через Perfect Money'),
(3, 'write', 'Вывод средств', 'Вывод средств'),
(4, 'add_qiwi', 'Начислено через QIWI', 'Начислено через QIWI'),
(7, 'clear', 'Обнуление', 'Обнуление'),
(8, 'write_admin', 'Списание', 'Списание Администрацией'),
(9, 'add_cron', 'Начисление процентов', 'Автоматическое начисление по понедельникам'),
(10, 'add_referral', 'начисление от реферала', 'начисление от реферала');

-- --------------------------------------------------------

--
-- Структура таблицы `images`
--

CREATE TABLE IF NOT EXISTS `images` (
  `id` int(11) unsigned NOT NULL AUTO_INCREMENT,
  `target_id` int(11) NOT NULL,
  `type` varchar(32) NOT NULL,
  `path` varchar(7) NOT NULL,
  `alt` varchar(511) DEFAULT NULL,
  `hide` tinyint(1) NOT NULL DEFAULT '0',
  `timestamp` int(11) unsigned NOT NULL,
  PRIMARY KEY (`id`)
) ENGINE=InnoDB  DEFAULT CHARSET=utf8 AUTO_INCREMENT=45 ;

--
-- Дамп данных таблицы `images`
--

INSERT INTO `images` (`id`, `target_id`, `type`, `path`, `alt`, `hide`, `timestamp`) VALUES
(1, 0, 'banner', 'dec/259', 'banner1.png', 0, 1379919439),
(2, 0, 'banner', '837/ff2', 'banner1.png', 0, 1379919533),
(3, 0, 'banner', 'e01/014', 'banner1.png', 0, 1379919592),
(4, 0, 'banner', '32b/f11', 'banner1.png', 0, 1379919646),
(5, 0, 'banner', 'd2c/523', 'banner1.png', 0, 1379919685),
(6, 0, 'banner', '8f2/c96', 'banner1.png', 0, 1379919793),
(7, 0, 'banner', '355/423', 'banner1.png', 0, 1379919948),
(8, 0, 'banner', '64c/13c', 'banner1.png', 0, 1379919991),
(9, 0, 'banner', '281/0ab', 'banner1.png', 0, 1379920105),
(12, 4, 'banner', 'fb1/ded', 'banner2.png', 0, 1380650401),
(13, 3, 'banner', '46e/018', 'banner1.png', 0, 1380650645),
(14, 0, 'banner', 'eeb/161', 'banner1.png', 0, 1380651142),
(15, 2, 'slider', '0aa/29b', 'slider-img.png', 0, 1380651879),
(16, 2, 'slider', '163/aee', 'slider-img.png', 0, 1380651930),
(19, 0, 'banner', 'b28/d41', 'Без имени-9.jpg', 0, 1381925772),
(21, 0, 'news', '798/e71', 'director.JPG', 0, 1413401088),
(22, 0, 'news', '8dd/cde', 'director.JPG', 0, 1413479840),
(23, 0, 'news', '0f7/52d', 'director.JPG', 0, 1413480011),
(24, 0, 'news', '8ac/359', 'director.JPG', 0, 1413480057),
(25, 0, 'news', 'bae/b90', '', 0, 1413480214),
(27, 1, 'news', '4d4/04a', 'director.JPG', 0, 1413482383),
(28, 0, 'news', '557/1f6', 'director.JPG', 0, 1413483460),
(29, 0, 'news', '2e7/c89', 'director.JPG', 0, 1413483514),
(32, 0, 'slider', 'b17/f49', 'hdr4n_3Q1og.jpg', 0, 1414655588),
(33, 0, 'slider', 'dff/652', 'Untitled-1.jpg', 0, 1414665180),
(35, 0, 'slider', 'afa/e01', 'Untitled-1.png', 0, 1414665822),
(36, 0, 'slider', '0ba/726', 'BFGi3fblQ08.jpg', 0, 1414665928),
(37, 0, 'slider', '77d/19c', 'Untitled-2.jpg', 0, 1414666046),
(38, 0, 'news', '848/10a', 'Реклама 12start.png', 0, 1414866878),
(39, 5, 'news', 'efa/bc6', 'start1.png', 0, 1414867967),
(40, 6, 'news', '68a/396', '6bqkFm6nOnI.jpg', 0, 1415185792),
(41, 0, 'news', '06a/97b', '25863.jpg', 0, 1415295894),
(42, 0, 'news', '955/bf2', '25863.jpg', 0, 1415295920),
(43, 0, 'news', '501/fcb', 'platezhi.jpeg', 0, 1415556775),
(44, 0, 'news', 'f87/ec3', 'bookmakers-sports-betting-football-gambling.jpg', 0, 1416601350);

-- --------------------------------------------------------

--
-- Структура таблицы `logs`
--

CREATE TABLE IF NOT EXISTS `logs` (
  `id` int(11) unsigned NOT NULL AUTO_INCREMENT,
  `ip` varchar(255) DEFAULT NULL,
  `user_id` int(11) DEFAULT NULL,
  `target` varchar(255) DEFAULT NULL,
  `action` varchar(255) DEFAULT NULL,
  `content` text,
  `created` int(12) DEFAULT NULL,
  `robot` varchar(128) DEFAULT NULL,
  PRIMARY KEY (`id`)
) ENGINE=InnoDB  DEFAULT CHARSET=utf8 AUTO_INCREMENT=80 ;

--
-- Дамп данных таблицы `logs`
--

INSERT INTO `logs` (`id`, `ip`, `user_id`, `target`, `action`, `content`, `created`, `robot`) VALUES
(1, '127.0.0.1', 3, 'user/4', 'add', NULL, 1413486364, NULL),
(2, '127.0.0.1', 3, 'user/5', 'add', NULL, 1413486969, NULL),
(3, '127.0.0.1', 3, 'user/5', 'edit', NULL, 1413488111, NULL),
(4, '127.0.0.1', 3, 'user/5', 'edit', NULL, 1413488308, NULL),
(5, '127.0.0.1', 3, 'user/3', 'edit', NULL, 1413488939, NULL),
(6, '127.0.0.1', 3, 'user/3', 'edit', NULL, 1413489060, NULL),
(7, '127.0.0.1', 3, 'user/3', 'edit', NULL, 1413489226, NULL),
(8, '217.118.90.62', 3, 'user/6', 'edit', NULL, 1413801280, NULL),
(9, '91.222.221.178', 3, 'user/7', 'add', NULL, 1413809084, NULL),
(10, '91.222.221.178', 3, 'user/7', 'edit', NULL, 1413809156, NULL),
(11, '91.222.221.14', 3, 'user/7', 'edit', NULL, 1413813300, NULL),
(12, '91.144.147.115', 3, 'user/12', 'edit', NULL, 1414652468, NULL),
(13, '91.144.147.115', 3, 'user/12', 'edit', NULL, 1414652541, NULL),
(14, '91.144.147.115', 3, 'user/12', 'edit', NULL, 1414652612, NULL),
(15, '91.144.147.115', 3, 'user/12', 'edit', NULL, 1414652614, NULL),
(16, '91.144.147.115', 3, 'user/12', 'edit', NULL, 1414652618, NULL),
(17, '91.144.147.115', 3, 'user/12', 'edit', NULL, 1414652623, NULL),
(18, '91.144.147.115', 3, 'user/12', 'edit', NULL, 1414653457, NULL),
(19, '91.144.147.115', 3, 'user/12', 'edit', NULL, 1414653523, NULL),
(20, '91.144.147.115', 3, 'user/12', 'edit', NULL, 1414653621, NULL),
(21, '91.144.147.115', 3, 'user/12', 'edit', NULL, 1414653643, NULL),
(22, '91.144.147.115', 3, 'user/12', 'edit', NULL, 1414653662, NULL),
(23, '91.144.147.115', 3, 'user/12', 'edit', NULL, 1414653672, NULL),
(24, '91.144.147.115', 3, 'user/12', 'edit', NULL, 1414653708, NULL),
(25, '91.144.147.115', 3, 'user/12', 'edit', NULL, 1414653816, NULL),
(26, '217.118.90.48', 6, 'user/6', 'edit', NULL, 1414668840, NULL),
(27, '217.118.90.48', 6, 'user/7', 'edit', NULL, 1414668848, NULL),
(28, '91.222.221.69', 3, 'user/3', 'edit', NULL, 1414671461, NULL),
(29, '91.144.147.115', 3, 'user/13', 'add', NULL, 1414736342, NULL),
(30, '91.144.147.115', 3, 'user/13', 'edit', NULL, 1414736354, NULL),
(31, '217.118.90.62', 6, 'user/3', 'edit', NULL, 1414755771, NULL),
(32, '91.144.147.115', 3, 'user/3', 'edit', NULL, 1414755997, NULL),
(33, '91.144.147.115', 3, 'user/3', 'edit', NULL, 1414756484, NULL),
(34, '217.118.90.62', 6, 'user/3', 'edit', NULL, 1414756597, NULL),
(35, '217.118.90.62', 6, 'user/3', 'edit', NULL, 1414756669, NULL),
(36, '217.118.90.62', 6, 'user/3', 'edit', NULL, 1414756987, NULL),
(37, '217.118.90.62', 6, 'user/6', 'edit', NULL, 1414757099, NULL),
(38, '217.118.90.62', 6, 'user/3', 'edit', NULL, 1414757134, NULL),
(39, '91.222.220.88', 3, 'user/16', 'edit', NULL, 1414849747, NULL),
(40, '93.124.91.29', 3, 'user/21', 'edit', NULL, 1414853468, NULL),
(41, '93.124.91.29', 3, 'user/17', 'edit', NULL, 1414853568, NULL),
(42, '93.124.91.29', 3, 'user/21', 'edit', NULL, 1414853587, NULL),
(43, '91.222.220.88', 16, 'user/19', 'edit', NULL, 1414853605, NULL),
(44, '91.222.220.88', 16, 'user/20', 'edit', NULL, 1414853611, NULL),
(45, '91.222.220.88', 16, 'user/22', 'edit', NULL, 1414853626, NULL),
(46, '91.222.220.88', 16, 'user/24', 'edit', NULL, 1414853647, NULL),
(47, '93.124.91.29', 3, 'user/21', 'edit', NULL, 1414853660, NULL),
(48, '93.124.91.29', 3, 'user/21', 'edit', NULL, 1414853718, NULL),
(49, '93.124.91.29', 3, 'user/21', 'edit', NULL, 1414853804, NULL),
(50, '93.124.91.29', 17, 'user/21', 'edit', NULL, 1414853978, NULL),
(51, '85.26.232.55', 3, 'user/15', 'edit', NULL, 1414854411, NULL),
(52, '93.124.91.29', 17, 'user/21', 'edit', NULL, 1414854703, NULL),
(53, '91.222.222.175', 16, 'user/30', 'edit', NULL, 1414867383, NULL),
(54, '91.222.223.5', 16, 'user/20', 'edit', NULL, 1414874290, NULL),
(55, '91.222.223.5', 16, 'user/25', 'edit', NULL, 1414874305, NULL),
(56, '93.124.3.205', 17, 'user/36', 'edit', NULL, 1414954672, NULL),
(57, '93.124.3.205', 17, 'user/36', 'edit', NULL, 1414954725, NULL),
(58, '93.124.3.205', 17, 'user/37', 'add', NULL, 1414954951, NULL),
(59, '93.124.3.205', 17, 'user/37', 'edit', NULL, 1414955068, NULL),
(60, '93.124.3.205', 17, 'user/37', 'edit', NULL, 1414955124, NULL),
(61, '0.0.0.0', NULL, NULL, 'cron', NULL, 1414997184, NULL),
(62, '91.222.223.73', 16, 'user/35', 'edit', NULL, 1415010082, NULL),
(63, '85.26.234.245', 3, 'user/15', 'edit', NULL, 1415026910, NULL),
(64, '85.26.234.245', 3, 'user/38', 'edit', NULL, 1415027252, NULL),
(65, '0.0.0.0', NULL, NULL, 'cron', 'card count: 17- 5', 1415044801, NULL),
(66, '91.222.222.15', 16, 'user/26', 'edit', '', 1415122129, NULL),
(67, '217.118.90.63', 17, 'user/17', 'edit', '', 1415295195, NULL),
(68, '217.118.90.63', 17, 'user/31', 'edit', '', 1415367310, NULL),
(69, '91.222.222.129', 16, 'user/46', 'add', '', 1415439962, NULL),
(70, '91.222.222.129', 16, 'user/46', 'edit', '', 1415439973, NULL),
(71, '217.118.90.63', 17, 'user/47', 'add', '', 1415440020, NULL),
(72, '93.124.3.205', 17, 'user/48', 'add', '', 1415455778, NULL),
(73, '93.124.3.205', 17, 'user/48', 'edit', '', 1415455832, NULL),
(74, '217.118.90.53', 17, 'user/26', 'edit', '', 1415560622, NULL),
(75, '0.0.0.0', NULL, NULL, 'cron', 'card count: 33- 23', 1415649602, NULL),
(76, '0.0.0.0', NULL, NULL, 'cron', 'card count: 35- 30', 1416254402, NULL),
(77, '0.0.0.0', NULL, NULL, 'cron', 'card count: 35- 32', 1416859202, NULL),
(78, '0.0.0.0', NULL, NULL, 'cron', 'card count: 36- 29', 1417381202, NULL),
(79, '0.0.0.0', NULL, NULL, 'cron', 'card count: 34- 32', 1417986001, NULL);

-- --------------------------------------------------------

--
-- Структура таблицы `menu`
--

CREATE TABLE IF NOT EXISTS `menu` (
  `id` int(11) unsigned NOT NULL AUTO_INCREMENT,
  `group` varchar(100) NOT NULL,
  `url` varchar(250) NOT NULL,
  `title` varchar(100) NOT NULL,
  `class` varchar(100) DEFAULT NULL,
  `hide` tinyint(1) unsigned NOT NULL DEFAULT '0',
  `auth` tinyint(4) unsigned NOT NULL DEFAULT '0',
  `order` int(11) unsigned NOT NULL,
  PRIMARY KEY (`id`)
) ENGINE=InnoDB  DEFAULT CHARSET=utf8 AUTO_INCREMENT=9 ;

--
-- Дамп данных таблицы `menu`
--

INSERT INTO `menu` (`id`, `group`, `url`, `title`, `class`, `hide`, `auth`, `order`) VALUES
(4, 'home', '/marketing.html', 'Маркетинг', 'marketing', 0, 0, 3),
(5, 'home', '/about.html', 'О нас', 'about', 0, 0, 4),
(6, 'home', '/news', 'Новости', 'news', 0, 0, 2),
(7, 'home', '/contact.html', 'Контакты', 'contacts', 0, 0, 5),
(8, 'home', '/', 'Главная', 'home', 0, 0, 1);

-- --------------------------------------------------------

--
-- Структура таблицы `news`
--

CREATE TABLE IF NOT EXISTS `news` (
  `id` int(11) NOT NULL AUTO_INCREMENT,
  `name` varchar(255) NOT NULL,
  `teaser` text NOT NULL,
  `content` text NOT NULL,
  `h1` varchar(255) NOT NULL,
  `keywords` varchar(255) NOT NULL,
  `description` varchar(255) NOT NULL,
  `title` varchar(255) NOT NULL,
  `image_id` int(11) NOT NULL,
  `alias` varchar(255) NOT NULL,
  `created` int(11) NOT NULL,
  `hide` int(1) NOT NULL,
  PRIMARY KEY (`id`)
) ENGINE=InnoDB  DEFAULT CHARSET=utf8 AUTO_INCREMENT=10 ;

--
-- Дамп данных таблицы `news`
--

INSERT INTO `news` (`id`, `name`, `teaser`, `content`, `h1`, `keywords`, `description`, `title`, `image_id`, `alias`, `created`, `hide`) VALUES
(5, 'START! Наш Фонд наконец-то запустил сайт', '<p>Сегодня 1 Ноября 2014 года начал функционировать сайт ранее работающего Фонда Доверительного Управления Hermes!&nbsp;<br />Все вклады перенеслись в Ваш личный кабинет.&nbsp;<br />Желаем удачи всем. Завтра выплаты!:)</p>', '<p>Сегодня 1 Ноября 2014 года начал функционировать сайт ранее работающего Фонда Доверительного Управления Hermes!&nbsp;<br />Все вклады перенеслись в Ваш личный кабинет.&nbsp;<br />Желаем удачи всем. Завтра выплаты!:)</p>', 'START! Наш Фонд наконец-то запустил сайт', '', '', 'START! Наш Фонд наконец-то запустил сайт', 39, 'start_nash_fond_nakonec-to_zapustil_sayt', 1414867795, 0),
(6, 'Пополнение личного счета', '<p style="text-align: left;">Уважаемые инвесторы!<br />По многочисленным просьбам мы открываем для вас пополнение личного кабинета вне зависимости от того, активирован ли у вас тариф, или нет.<br />Теперь пополнить личный кабинет вы можете в любое время. После пополнения депозита, проценты по тарифу будут начисляться уже на новый баланс.<br />Напоминаем, что обработка заявок на пополнение через кошелек QIWI происходит в ручном режиме до 6 часов. Пополнение Perfect Money - автоматическое.</p>', '<p style="text-align: left;">Уважаемые инвесторы!<br />По многочисленным просьбам мы открываем для вас пополнение личного кабинета вне зависимости от того, активирован ли у вас тариф, или нет.<br />Теперь пополнить личный кабинет вы можете в любое время. После пополнения депозита, проценты по тарифу будут начисляться уже на новый баланс.<br />Напоминаем, что обработка заявок на пополнение через кошелек QIWI происходит в ручном режиме до 6 часов. Пополнение Perfect Money - автоматическое, с мгновенным зачислением на счет.<br />Всем удачного дня!</p>', 'Пополнение депозита', '', '', 'Пополнение депозита', 40, 'popolnenie_depozita', 1415185661, 0),
(7, 'Вывод средств', '<p>Доброго времени суток, Уважаемые Инвесторы!<br />Спешим порадовать вас очередным нововведением, связанным с выводом средств.<br />За 5 дней работы нашего сайта мы получили много просьб добавить возможность вывода средств не только в воскресенье, но и субботу.<br />Мы прислушиваемся к вашим пожеланиям, и поэтому вывод теперь доступен с 00:00 часов субботы до 23:59 воскресенья по московскому времени, при условии, что у вас не активирован тарифный план.&nbsp;<br />Впереди нас ждет ещё много работы, поэтому в ближайшее время нам будет чем ещё вас порадовать! =)<br />Всем удачи и отличного настроения!</p>', '<p>Доброго времени суток, Уважаемые Инвесторы!<br />Спешим порадовать вас очередным нововведением, связанным с выводом средств.<br />За 5 дней работы нашего сайта мы получили много просьб добавить возможность вывода средств не только в воскресенье, но и субботу.<br />Мы прислушиваемся к вашим пожеланиям, и поэтому вывод теперь доступен с 00:00 часов субботы до 23:59 воскресенья по московскому времени, при условии, что у вас не активирован тарифный план.&nbsp;<br />Впереди нас ждет ещё много работы, поэтому в ближайшее время нам будет чем ещё вас порадовать! =)<br />Всем удачи и отличного настроения!</p>', 'Вывод средств', '', '', 'Вывод средств', 42, 'vyvod_sredstv', 1415295920, 0),
(8, 'Вывод процентов', '<p>Уважаемые инвесторы, спешим поделиться ближайшими нововведениями в работе сайта:<br />На грядущей неделе планируем реализовать возможность вывода процентов во время работы тарифного плана.<br />Минимальная сумма на вывод процентов будет составлять 30$. Это значит, что если ваш депозит находится в работе (активирован тарифный план), то в субботу и воскресенье вы сможете выводить свою прибыль от 30$.&nbsp;<br />В понедельник, также как и сейчас, прибыль будет плюсоваться к депозиту, вывести который вы сможете только после окончания тарифного плана.<br />Команда проекта Hermes желает вам удачной рабочей недели!</p>', '<p>Уважаемые инвесторы, спешим поделиться ближайшими нововведениями в работе сайта:<br />На грядущей неделе планируем реализовать возможность вывода процентов во время работы тарифного плана.<br />Минимальная сумма на вывод процентов будет составлять 30$. Это значит, что если ваш депозит находится в работе (активирован тарифный план), то в субботу и воскресенье вы сможете выводить свою прибыль от 30$.&nbsp;<br />В понедельник, также как и сейчас, прибыль будет плюсоваться к депозиту, вывести который вы сможете только после окончания тарифного плана.<br />Команда проекта Hermes желает вам удачной рабочей недели!</p>', 'Вывод процентов', '', '', 'Вывод процентов', 43, 'vyvod_procentov', 1415556775, 0),
(9, 'Отчетность', '<p>Дорогие инвесторы! Не забываем, что для Вас мы ведем отчетность наших Спортивных Ставок!<br />Подробнее:&nbsp;https://vk.com/topic-55020352_31024435?offset=20</p>', '<p>Дорогие инвесторы! Не забываем, что для Вас мы ведем отчетность наших Спортивных Ставок!<br />Подробнее:&nbsp;https://vk.com/topic-55020352_31024435?offset=</p>', 'Отчетность', '', '', 'Отчетность', 44, 'otchetnost', 1416601350, 0);

-- --------------------------------------------------------

--
-- Структура таблицы `pages`
--

CREATE TABLE IF NOT EXISTS `pages` (
  `id` int(11) unsigned NOT NULL AUTO_INCREMENT,
  `pid` int(11) unsigned DEFAULT NULL,
  `title` varchar(70) NOT NULL,
  `alias` varchar(100) NOT NULL,
  `mid` int(11) unsigned DEFAULT NULL,
  `hide` tinyint(1) unsigned NOT NULL DEFAULT '0',
  `l_key` int(11) unsigned NOT NULL,
  `r_key` int(11) unsigned NOT NULL,
  `level` int(11) unsigned NOT NULL,
  PRIMARY KEY (`id`),
  UNIQUE KEY `uniq_alias` (`alias`),
  UNIQUE KEY `uniq_title` (`title`)
) ENGINE=InnoDB  DEFAULT CHARSET=utf8 AUTO_INCREMENT=14 ;

--
-- Дамп данных таблицы `pages`
--

INSERT INTO `pages` (`id`, `pid`, `title`, `alias`, `mid`, `hide`, `l_key`, `r_key`, `level`) VALUES
(3, 0, 'Маркетинг', 'marketing', 4, 0, 19, 20, 1),
(4, 0, 'О нас', 'about', 5, 0, 11, 18, 1),
(6, 0, 'Контакты', 'contact', 7, 0, 1, 2, 1),
(7, 4, 'Наши возможности', 'nashi_vozmozhnosti', 0, 0, 12, 13, 2),
(8, 4, 'С чего начать?', 'registr', 0, 0, 14, 15, 2),
(9, 4, 'Ваш доход', 'vash_dohod', 0, 0, 16, 17, 2),
(10, 0, 'FAQ', 'faq', 0, 0, 9, 10, 1),
(11, 0, 'Реферальная программа', 'referral', 0, 0, 3, 4, 1),
(12, 0, 'Пользовательское соглашение', 'agreement', 0, 0, 5, 6, 1),
(13, 0, 'Обратная связь', 'feedback', 0, 0, 7, 8, 1);

-- --------------------------------------------------------

--
-- Структура таблицы `page_contents`
--

CREATE TABLE IF NOT EXISTS `page_contents` (
  `id` int(11) unsigned NOT NULL AUTO_INCREMENT,
  `page_id` int(11) unsigned NOT NULL,
  `h1` varchar(512) NOT NULL,
  `teaser` text,
  `content` text,
  `keywords` varchar(255) DEFAULT NULL,
  `description` varchar(255) DEFAULT NULL,
  PRIMARY KEY (`id`),
  UNIQUE KEY `fk_page_id` (`page_id`)
) ENGINE=InnoDB  DEFAULT CHARSET=utf8 AUTO_INCREMENT=14 ;

--
-- Дамп данных таблицы `page_contents`
--

INSERT INTO `page_contents` (`id`, `page_id`, `h1`, `teaser`, `content`, `keywords`, `description`) VALUES
(1, 1, 'Пользовательское соглашение', 'Пользовательское соглашение текст', '<p>Пользовательское соглашение текст</p>', 'Пользовательское соглашение', 'Пользовательское соглашение'),
(2, 2, 'Бонусная программа', 'Бонусная программа', '<p>Бонусная программа</p>', '', ''),
(3, 3, 'Маркетинг', 'Это набор правил по которым Вы можете понять как можно получать прибыль от инвестиций и в каких размерах.', '<p><strong>Это набор правил по которым Вы можете понять как можно получать прибыль от инвестиций и в каких размерах.<br /></strong><strong><strong>В случае возникновения вопросов, зайдите в раздел</strong></strong>&nbsp;<strong><a href="/faq.html" target="_blank">FAQ</a>&nbsp;<br /><br /></strong></p>\n<h3><strong>Инвестиционные условия:</strong></h3>\n<ul>\n<li>Пополнение баланса производится ежедневно на сумму от 50 до 5000 долларов.</li>\n<li>Начисление процентов ежедневно в то время, когда был сделан депозит. Процент простой.</li>\n<li>Доход по вкладам от 1 до 1.5%.</li>\n<li>Депозит замораживается к выводу на 10-20-30 дней в зависимости от выбраного пакета.</li>\n<li>Каждый понедельник автоматический реинвест прибыли на основной счет, если в субботу или воскресенье не была сделана заявка на вывод.</li>\n<li>Оформление заявок&nbsp; на вывод доступно в субботу и воскресенье. Время исполнения заявки 1-3 суток. Каждая новая заявка возможна после исполнения предыдущей. Минимальная сумма вывода 30 долларов.<br /><a href="/money/up" target="_blank"><img src="http://dev.fin-hermes.ru/media/upload/invest plan.png" alt="" width="636" height="309" /></a></li>\n</ul>\n<h3><strong>Бонусные начисления:<br /></strong><span style="font-size: 11px;">Мы предлагаем Вам дополнительные бонусы в виде процента от дохода приглашенных вами партнеров.<br /><br /></span></h3>\n<p><strong>Реферальная программа Пользователей(с активным депозитом до 1000$):</strong></p>\n<ul>\n<li>Доход от первого уровня - 5%</li>\n<li>Доход от второго уровня - 4%</li>\n<li>Доход от третьего уровня - 3%</li>\n<li>Доход от четвертого уровня - 2%</li>\n<li>Доход от пятого уровня - 1%</li>\n<li>Доход от шестого уровня - 0.5%<br /><br /></li>\n</ul>\n<p><strong>Реферальная программа Пользователей(с активным депозитом от 1000$, Пакет "Bussines" ):</strong></p>\n<ul>\n<li>Доход от первого уровня - 7%</li>\n<li>Доход от второго уровня - 5%</li>\n<li>Доход от третьего уровня - 4%</li>\n<li>Доход от четвертого уровня - 3%</li>\n<li>Доход от пятого уровня - 2%</li>\n<li>Доход от шестого уровня - 1%</li>\n<li>Доход от седьмого уровня - 0.5%</li>\n<li>Доход от восьмого уровня - 0.25%</li>\n</ul>', 'Маркетинг кей', 'Маркетинг дес'),
(4, 4, 'О нас', '', '<h4><img style="float: right;" src="http://dev.fin-hermes.ru/media/upload/blog-1.jpg" alt="" width="999" height="250" /></h4>\n<p>HERMES&nbsp;как многие знают &ndash; это Греческий Бог Торговли, а мы собственно торгуем на бинарных опционах и делаем ставки на спорт в букмекерских конторах. <br />Вы наверное знаете, что это большой риск, так как спорт и валютный рынок не такой предсказуемый как на самом деле кажется, в нем куча подводных камней, но для этого у наших трейдеров и капперов есть собственные стратегии игры, по которым мы зарабатывали в закрытом режиме более трёх лет. Мы знаем, что при правильной игре по этим стратегиям этот риск сводится к самому минимуму. После трёх лет успешной торговли на валютном рынке и ставок на спорт, наша команда решила открыть Фонд Доверительного Управления и помочь Вам, начинающим и опытным инвесторам, найти наконец-то надежный проект, который не распространяет легенды о &ldquo;добыче золота на дне морском&rdquo;, а наоборот открыто показывает то, как зарабатывает на валютном рынке и на ставках по системе &nbsp;&ldquo;Вилки&rdquo;(арбитражными ситуациями в БК). Мы не будем гнаться за притоком средств, высокими процентами,&nbsp; не будем делать узкую реферальную программу, мы совместим качество и надежность в одном Фонде.&nbsp; В данном маркетинге учтены интересы, как новичков сетевого маркетинга, так и опытных лидеров! Благодаря нашему инновационному проекту, Вы становитесь обладателем различных опций заработка и регулярных выплат процентов.&nbsp; Наша уникальность в том, что успех в проекте зависит не только от активности партнеров, но и от пассивного участия в виде обычного участника. Это разрешает каждому партнеру без подключения и создания команды получать постоянный стабильный доход.<br />Наша цель &ndash; повысить благосостояние наших инвесторов и проработать столько, сколько будут работать валютные рынки и букмекерские конторы.&nbsp; Проработать не один год. Наш Фонд Доверительного Управления будет бороться с любыми трудностями и задачами, он переживет всех тех, кто будет говорить о нем плохо и поможет тем, кто хорошо.</p>\n<p style="text-align: left;"><object style="display: block; margin-left: auto; margin-right: auto;" width="860" height="415"><param name="movie" value="//www.youtube.com/v/1e3H-btu0TQ?hl=ru_RU&amp;version=3&amp;rel=0&amp;controls=0&amp;showinfo=0" /><param name="allowFullScreen" value="true" /><param name="allowscriptaccess" value="always" /><embed src="//www.youtube.com/v/1e3H-btu0TQ?hl=ru_RU&amp;version=3&amp;rel=0&amp;controls=0&amp;showinfo=0" type="application/x-shockwave-flash" width="860" height="415" allowscriptaccess="always" allowfullscreen="allowfullscreen" /></object></p>\n<p style="text-align: center;">&nbsp;</p>', '', ''),
(5, 5, 'Новости', 'Новости', '<p>Новости</p>', '', ''),
(6, 6, 'Контакты', '', '<p><img src="http://dev.fin-hermes.ru/media/upload//hermesl.png" alt="" width="768" height="102" /></p>\n<p><strong>Если вы заинтересовались нашим проектом, либо у вас появились вопросы - вы можете связаться с нами:</strong></p>\n<p>&nbsp;</p>\n<p><strong>E-mail:</strong> <a href="mailto:admin@fin-hermes.ru">admin@fin-hermes.ru</a></p>\n<p><strong>Группа Вконтакте:</strong> <a href="https://vk.com/hermes_inv" target="_blank">vk.com/hermes_inv</a></p>\n<p><strong>Чат в Skype:</strong> <a href="skype:?chat&amp;blob=KMiBriZ5NPOLBA9mT98_5QKm9J2AqaeSqXzLNTl7aNur4kd5_qVt-QL0hNpF-LLZwoJsiIeX4L_SZ0an0_Na">Войти</a></p>\n<p>Либо по форме обратной связи, расположенной ниже.</p>', '', ''),
(7, 7, 'Наши возможности', 'Hermes поможет Вам стать финансово независимым человеком, получающим пассивный доход от постоянной прибыли Фонда.', '', '', ''),
(8, 8, 'С чего начать?', 'Советуем изучить инвестиционные условия и зарегистрироваться! После этого уже делать вклад в наш Фонд.', '', '', ''),
(9, 9, 'Ваш доход', 'Успех зависит не только от активности партнеров, но и от пассивного участия. Это позволит всем получать постоянный стабильный доход.', '', '', ''),
(10, 10, 'FAQ', 'FAQ', '<p><strong>Как давно вы работаете?</strong> <br />Сайт начал функционировать с начала ноября 2014 года в открытом режиме. До этого работали в закрытом режиме с проверенными и знакомыми лично инвесторами. Капперы и трейдеры в нашей команде знакомы нам ещё с декабря 2010 года и работают с нами по сей день. <br /> <br /> <br /><strong>Какой вид деятельности позволяет Вам платить людям проценты?</strong> <br />У нас оптимизированная стратегия, которая позволяет без рисков получать хорошую прибыль. <br />Благодаря инвестициям в Ставки на спорт с использованием "Вилок" и Бинарные опционы. <br /> <br /> <br /> <br /><strong>Как быстро можно вывести свои деньги?</strong> <br />Заявку на Вывод средств можно подавать каждое воскресенье, не более одной заявки за 1 раз. <br />Вывод средств осуществляется в ручном порядке от 1 до 3 суток. <br /> <br /> <br /><strong>Какие гарантии Вы можете предоставить?</strong> <br />Любой бизнес, предполагает наличие рисков, тем более инвестиционный. Главной гарантией является оптимизированная система управления средствами и их диверсификация, в которой Вы убедитесь в работе с нами. Мы не хайп и не пирамида, и не можем давать сложных процентов, так как делаем риски минимальными, и не обещаем краткосрочных и больших процентов, инвестируя в игру только ту сумму, которой готовы рисковать, а не всеми деньгами инвесторов. Лучше надежное и долгосрочное сотрудничество, чем краткосрочное и с прибылью в одну сторону. <br /> <br /> <br /><strong>На какие платежные системы можно вывести свои средства?</strong> <br />Вывод средств осуществляется на 2 платежные системы(Perfect Money, QIWI) <br />Рекомендуем использовать только свой кошелёк Perfect Money. <br /> <br /> <br /><strong>Какова максимальная и минимальная сумма депозита?</strong> <br />Минимальная сумма депозита составляет 50$, а максимальная 5000$. <br />В скором времени мы планируем повышать входную планку! <br /> <br /> <br /><strong>Сколько я могу заработать, какие проценты?</strong> <br />Процент &laquo;простой&raquo;, получать будите от 1 до 1.5% в день, в зависимости от вашего пакета. Не даем несбыточных обещаний вроде &ldquo;до 5-10% в день&rdquo;. Более подробно можно ознакомиться в меню &laquo;Маркетинг&raquo; <br /> <br /> <br /><strong>Через какие платежные системы я могу открыть депозит?</strong> <br />На данный момент внесение депозита возможно через систему PerfectMoney и QIWI. Мы расширяем количество платежных систем для общего удобства, следите за новостями. <br /> <br /> <br /><strong>Как изменить пароль или восстановить его, в случае потери?</strong> <br />Необходимо подать заявку на восстановление доступа и смену пароля, заполнив специальную форму на сайте или обратившись в службу технической поддержки. <br /> <br /> <br /><strong>Сколько аккаунтов можно иметь?</strong> <br />Администрация разрешает иметь несколько аккаунтов.&nbsp;<br /> <br /> <br /><strong>В какой момент времени мои деньги начинают работать и приносить мне прибыль?</strong> <br />Начисление процентов происходит в то время, когда вы внесли свой вклад.<br /> <br /> <br /><strong>Как вы минимизируете риски?</strong> <br />Это целый комплекс мер, начиная от нескольких капперов в команде, игрой только малой частью суммы, резервным фондом и подушкой безопасности(постепенным созданием отдельного игрового банка), и заканчивая разными сферами инвестирования средств, в том числе в Бинарные опционы. <br /> <br /> <br /><strong>Есть ли у вас техническая поддержка и как быстро она отвечает?</strong> <br />У нас существует специальная служба технической поддержки, в которую вы можете обратиться прямо из личного кабинета или написать в тех. поддержку письмо с подробным описанием вашей сложной проблемы <ins><em>admin@fin-hermes.ru</em></ins><br /> <br /> <br /><strong>Кто такие рефералы?</strong> <br />Рефералы это участники партнёрской программы, зарегистрировавшийся по рекомендации другого участника, рекомендация сопровождается &laquo;реферальной ссылкой&raquo;, содержащей информацию об учётной записи участника, который получит вознаграждение за привлечение новичков.</p>', '', ''),
(11, 11, 'Реферальная программа', '', '<p>Реферальная программа Пользователей(с активным депозитом до 1000$):</p>\n<ul>\n<li>Доход от первого уровня - 5%</li>\n<li>Доход от второго уровня - 4%</li>\n<li>Доход от третьего уровня - 3%</li>\n<li>Доход от четвертого уровня - 2%</li>\n<li>Доход от пятого уровня - 1%</li>\n<li>Доход от шестого уровня - 0.5%</li>\n</ul>\n<p><br />Реферальная программа Пользователей(с активным депозитом от 1000$, Пакет "Bussines" ):</p>\n<ul>\n<li>Доход от первого уровня - 7%</li>\n<li>Доход от второго уровня - 5%</li>\n<li>Доход от третьего уровня - 4%</li>\n<li>Доход от четвертого уровня - 3%</li>\n<li>Доход от пятого уровня - 2%</li>\n<li>Доход от шестого уровня - 1%</li>\n<li>Доход от седьмого уровня - 0.5%</li>\n<li>Доход от восьмого уровня - 0.25%</li>\n</ul>', '', ''),
(12, 12, 'Пользовательское соглашение', 'Пользовательское соглашение', '<p>Участник &mdash; лицо, согласившееся с условиями настоящего соглашения, прошедшее регистрацию на сайте. Проект &mdash; web-ресурс, расположенный по адресу&nbsp;http://fin-hermes.ru<br />Личный кабинет &mdash; интерфейс, доступ к которому производится по Имени пользователя и Паролю, позволяющим участнику управлять Личным счетом и получать статистическую информацию<br /><br /><strong>1. Регистрация в проекте.</strong><br />1.1 Регистрация в проекте возможна только на официальном сайте.<br />1.2 Участник обязан предоставить полную информацию о себе по вопросам, предлагаемым в регистрационной форме.<br />1.3 Персональная информация участника, полученная системой, хранится и обрабатывается в зашифрованном виде и обеспечивается ее полная конфиденциальность.Присоединяясь к проекту, участник дает согласие на обработку его личных персональных данных.<br /><br /><strong>2. Права и обязанности проекта.</strong><br />2.1 Проект берет на себя обязательство по обеспечению круглосуточного функционала сайта и Личного кабинета, а также доставке денежных средств направленных в адрес участника, согласно общим правилам настоящего соглашения!<br />2.2 Администрация проекта в праве потребовать от участника подтверждение его личных данных, указанных при регистрации, а также приостановить исполнение настоящего соглашения в отношении участника в случае отказа предоставления данных.<br />2.2.1 Участник обязуется :<br />1. Предоставить истинные данные при регистрации в системе.<br />2. Обеспечить сохранность логина и пароля для доступа к Личному счету в системе, не разглашать их третьим лицам!<br />3. Не выдавать себя владельцем или уполномоченным лицом проекта, вводя других участников в заблуждение.<br />2.2.3. Участник вправе:<br />1. Производить информирование и привлечение новых участников в систему различными методами.<br />2. Направлять в проект свои пожелания и отзывы с целью улучшения сервиса.<br /><br /><strong>3. Ответственность.</strong><br />3.1. Проект несет ответственность исключительно за функционал работы сервиса и личные кабинеты участника , а также за направление денежных переводов на счет участника , согласно условиям настоящего соглашения.<br />3.2. Проект не несет абсолютно никакой ответственности за успех или неудачу действий Участников, связанных с использованием информации, предоставленной на сайте.<br />3.3. Любые инвестиции сопряжены с рисками, поэтому стоит учитывать тот факт, что вы можете потерять все свои средства. Поэтому инвестируйте только сумму для Вас некритичную, которая никак не скажется на вашем финансовом благополучии.<br />3.4 Администрация проекта не несет никакой финансовой и прочей ответственности за любые потери, что могут возникнуть при инвестировании в проект.&nbsp;<br />3.5 При регистрации на сайте участник подтверждает что находится в здравом уме и твердой памяти, подтверждает свое совершеннолетие и отдает отчет своим действиям. Участник осознает все выше написанное.<br />3.6. Инвестор, принявший Правила фонда, при любом развитии событий, должен осознавать, что обвинения организаторов фонда в обмане или мошенничестве, нарушении его прав, будут восприняты как заведомо ложный донос в соответствии со ст. 306 УК РФ, так как при регистрации согласился со всеми правилами и был уведомлен обо всех рисках.<br /><br /><strong>4. Ответственность за мошеннические действия.</strong><br />4.1. В случае выявления мошеннических действий со стороны участника (попытки проведения мошеннических операций по платежным системам, получения денежных переводов от пользователей обманным путем, попыток взлома личных кабинетов или кража паролей), администрация вправе заблокировать доступ к личному кабинету, без возврата денежных средств.<br />Права на внесение изменений в данное соглашение.<br />Администрация проекта имеет право в одностороннем порядке изменять правила, условия инвестирования, условия ввода и вывода средств, а также закрыть регистрацию на сайте, уведомив при этом участников проекта в срок за 1-3 дня.</p>', '', ''),
(13, 13, 'Хотите что-то спросить', '', '<p>Если у вас остались вопросы - мы с радостью на них ответим!</p>', '', '');

-- --------------------------------------------------------

--
-- Структура таблицы `payments`
--

CREATE TABLE IF NOT EXISTS `payments` (
  `id` int(11) NOT NULL AUTO_INCREMENT,
  `title` varchar(255) NOT NULL,
  `alias` varchar(255) NOT NULL,
  `login` varchar(255) NOT NULL,
  `password` varchar(255) NOT NULL,
  `created` int(11) NOT NULL,
  `currency` varchar(255) NOT NULL,
  `signature` varchar(255) NOT NULL,
  PRIMARY KEY (`id`)
) ENGINE=InnoDB  DEFAULT CHARSET=utf8 AUTO_INCREMENT=3 ;

--
-- Дамп данных таблицы `payments`
--

INSERT INTO `payments` (`id`, `title`, `alias`, `login`, `password`, `created`, `currency`, `signature`) VALUES
(1, 'Qiwi', 'qiwi', '+79788027047', '1111', 1413834373, '', ''),
(2, 'Perfect Money', 'perfect', 'U6610180', 'Bogdan5665', 1413834414, '', '30T6cn6H0NNgUhFkfPRwTsMiM');

-- --------------------------------------------------------

--
-- Структура таблицы `referals`
--

CREATE TABLE IF NOT EXISTS `referals` (
  `id` int(11) unsigned NOT NULL AUTO_INCREMENT,
  `pid` int(11) unsigned DEFAULT NULL,
  `user_id` int(11) NOT NULL,
  `l_key` int(11) unsigned NOT NULL,
  `r_key` int(11) unsigned NOT NULL,
  `level` int(11) unsigned NOT NULL,
  `path` varchar(255) NOT NULL,
  `ball` float NOT NULL,
  PRIMARY KEY (`id`)
) ENGINE=InnoDB  DEFAULT CHARSET=utf8 AUTO_INCREMENT=92 ;

--
-- Дамп данных таблицы `referals`
--

INSERT INTO `referals` (`id`, `pid`, `user_id`, `l_key`, `r_key`, `level`, `path`, `ball`) VALUES
(15, 20, 15, 0, 0, 2, '.20.15.', 0),
(16, NULL, 19, 0, 0, 1, '.16.', 0),
(17, 21, 20, 0, 0, 2, '.21.17.', 35.3778),
(18, 22, 21, 0, 0, 2, '.22.18.', 7.66079),
(19, NULL, 22, 0, 0, 1, '.19.', 0),
(20, NULL, 3, 0, 0, 1, '.20.', 0),
(21, NULL, 16, 0, 0, 1, '.21.', 0),
(22, NULL, 17, 0, 0, 1, '.22.', 0),
(23, NULL, 18, 0, 0, 1, '.23.', 0),
(24, 21, 23, 0, 0, 2, '.21.24.', 0),
(25, 21, 24, 0, 0, 2, '.21.25.', 7.68423),
(26, 17, 25, 0, 0, 3, '.21.17.26.', 138.046),
(27, 21, 26, 0, 0, 2, '.21.27.', 2.80542),
(28, 21, 27, 0, 0, 2, '.21.28.', 4.73687),
(29, 21, 28, 0, 0, 2, '.21.29.', 0),
(30, 21, 29, 0, 0, 2, '.21.30.', 0),
(31, 21, 30, 0, 0, 2, '.21.31.', 35.5465),
(32, 22, 31, 0, 0, 2, '.22.32.', 6.18026),
(33, 22, 32, 0, 0, 2, '.22.33.', 3.21524),
(34, 21, 33, 0, 0, 2, '.21.34.', 6.97568),
(35, 21, 34, 0, 0, 2, '.21.35.', 1.4323),
(36, 31, 35, 0, 0, 3, '.21.31.36.', 0),
(37, 21, 36, 0, 0, 2, '.21.37.', 0),
(38, 21, 37, 0, 0, 2, '.21.38.', 42.7229),
(39, 21, 38, 0, 0, 2, '.21.39.', 5.78108),
(40, NULL, 39, 0, 0, 1, '.40.', 0),
(41, 21, 40, 0, 0, 2, '.21.41.', 0.1725),
(42, 21, 41, 0, 0, 2, '.21.42.', 1.02022),
(43, NULL, 42, 0, 0, 1, '.43.', 0),
(44, 21, 42, 0, 0, 2, '.21.44.', 0.325),
(45, 21, 43, 0, 0, 2, '.21.45.', 6.78822),
(46, 21, 44, 0, 0, 2, '.21.46.', 0),
(47, NULL, 45, 0, 0, 1, '.47.', 0),
(48, 21, 46, 0, 0, 2, '.21.48.', 0.901615),
(49, NULL, 48, 0, 0, 1, '.49.', 0),
(50, 21, 49, 0, 0, 2, '.21.50.', 0),
(51, 21, 50, 0, 0, 2, '.21.51.', 1.36045),
(52, 21, 51, 0, 0, 2, '.21.52.', 2.53699),
(53, 19, 52, 0, 0, 2, '.19.53.', 0),
(54, NULL, 53, 0, 0, 1, '.54.', 0),
(55, NULL, 54, 0, 0, 1, '.55.', 0),
(56, NULL, 55, 0, 0, 1, '.56.', 0),
(57, NULL, 56, 0, 0, 1, '.57.', 0),
(58, NULL, 57, 0, 0, 1, '.58.', 0),
(59, 48, 58, 0, 0, 3, '.21.48.59.', 0.73196),
(60, 57, 59, 0, 0, 2, '.57.60.', 1.43205),
(61, NULL, 60, 0, 0, 1, '.61.', 0),
(62, NULL, 61, 0, 0, 1, '.62.', 0),
(63, NULL, 62, 0, 0, 1, '.63.', 0),
(64, NULL, 63, 0, 0, 1, '.64.', 0),
(65, 52, 64, 0, 0, 3, '.21.52.65.', 1.95722),
(66, 20, 65, 0, 0, 2, '.20.66.', 0),
(67, 57, 66, 0, 0, 2, '.57.67.', 1.37194),
(68, NULL, 67, 0, 0, 1, '.68.', 0),
(69, 42, 68, 0, 0, 3, '.21.42.69.', 0),
(70, NULL, 69, 0, 0, 1, '.70.', 0),
(71, 63, 70, 0, 0, 2, '.63.71.', 0),
(72, 52, 71, 0, 0, 3, '.21.52.72.', 0),
(73, 48, 72, 0, 0, 3, '.21.48.73.', 0),
(74, 48, 73, 0, 0, 3, '.21.48.74.', 0),
(75, 48, 74, 0, 0, 3, '.21.48.75.', 0),
(76, 48, 75, 0, 0, 3, '.21.48.76.', 0),
(77, 70, 76, 0, 0, 2, '.70.77.', 0),
(78, 21, 77, 0, 0, 2, '.21.78.', 0),
(79, 48, 78, 0, 0, 3, '.21.48.79.', 0),
(80, 63, 79, 0, 0, 2, '.63.80.', 0),
(81, 21, 80, 0, 0, 2, '.21.81.', 0),
(82, 21, 81, 0, 0, 2, '.21.82.', 0),
(83, 21, 82, 0, 0, 2, '.21.83.', 0),
(84, NULL, 83, 0, 0, 1, '.84.', 0),
(85, 21, 84, 0, 0, 2, '.21.85.', 0),
(86, 21, 85, 0, 0, 2, '.21.86.', 0),
(87, NULL, 86, 0, 0, 1, '.87.', 0),
(88, 21, 87, 0, 0, 2, '.21.88.', 0.22592),
(89, NULL, 88, 0, 0, 1, '.89.', 0),
(90, NULL, 89, 0, 0, 1, '.90.', 0),
(91, 21, 90, 0, 0, 2, '.21.91.', 0);

-- --------------------------------------------------------

--
-- Структура таблицы `roles`
--

CREATE TABLE IF NOT EXISTS `roles` (
  `id` int(11) unsigned NOT NULL AUTO_INCREMENT,
  `name` varchar(32) NOT NULL,
  `description` varchar(255) NOT NULL,
  PRIMARY KEY (`id`),
  UNIQUE KEY `uniq_name` (`name`)
) ENGINE=InnoDB  DEFAULT CHARSET=utf8 AUTO_INCREMENT=4 ;

--
-- Дамп данных таблицы `roles`
--

INSERT INTO `roles` (`id`, `name`, `description`) VALUES
(1, 'login', 'Login privileges, granted after account confirmation'),
(2, 'admin', 'Administrative user, has access to everything.'),
(3, 'super_referral', 'Группа для рефералов с больщим процентом');

-- --------------------------------------------------------

--
-- Структура таблицы `roles_users`
--

CREATE TABLE IF NOT EXISTS `roles_users` (
  `user_id` int(10) unsigned NOT NULL,
  `role_id` int(10) unsigned NOT NULL,
  PRIMARY KEY (`user_id`,`role_id`),
  KEY `fk_role_id` (`role_id`)
) ENGINE=InnoDB DEFAULT CHARSET=utf8;

--
-- Дамп данных таблицы `roles_users`
--

INSERT INTO `roles_users` (`user_id`, `role_id`) VALUES
(3, 1),
(15, 1),
(16, 1),
(17, 1),
(18, 1),
(20, 1),
(21, 1),
(22, 1),
(23, 1),
(24, 1),
(25, 1),
(26, 1),
(27, 1),
(28, 1),
(29, 1),
(30, 1),
(31, 1),
(32, 1),
(33, 1),
(34, 1),
(35, 1),
(37, 1),
(38, 1),
(40, 1),
(41, 1),
(42, 1),
(43, 1),
(44, 1),
(45, 1),
(46, 1),
(49, 1),
(50, 1),
(51, 1),
(52, 1),
(53, 1),
(54, 1),
(55, 1),
(56, 1),
(57, 1),
(58, 1),
(59, 1),
(62, 1),
(64, 1),
(65, 1),
(66, 1),
(67, 1),
(68, 1),
(69, 1),
(70, 1),
(71, 1),
(72, 1),
(74, 1),
(75, 1),
(76, 1),
(77, 1),
(79, 1),
(80, 1),
(81, 1),
(82, 1),
(83, 1),
(84, 1),
(85, 1),
(86, 1),
(87, 1),
(88, 1),
(89, 1),
(3, 2),
(16, 2),
(17, 2),
(16, 3),
(17, 3),
(20, 3),
(22, 3),
(25, 3),
(30, 3),
(35, 3),
(37, 3);

-- --------------------------------------------------------

--
-- Структура таблицы `sessions`
--

CREATE TABLE IF NOT EXISTS `sessions` (
  `session_id` varchar(24) NOT NULL,
  `last_active` int(10) unsigned NOT NULL,
  `contents` text NOT NULL,
  PRIMARY KEY (`session_id`),
  KEY `last_active` (`last_active`)
) ENGINE=MyISAM DEFAULT CHARSET=utf8;

--
-- Дамп данных таблицы `sessions`
--

INSERT INTO `sessions` (`session_id`, `last_active`, `contents`) VALUES
('548552351bfc59-80695407', 1418130777, 'Jp8fhgy7GX0vf3giQwyE0PzW9Y1nb11DtQPPu+vgt/vQM/gi/N5mzHvenYFCSe8IHjIUTAcqk9lxLWTWjVBlFbADwgTMFVTlZnI3dlLRT1pVhK+ko5ai3wSFH+8AmZMTcS1O162URzOJpJMXiLa703p2ojSOaiotMcC83D0+v7y/Whpf0h4RHoUZWMYsUN3dm3YaF16V84DRf3lgjLZ/jqb12opbPvwXRGWMytLRG3hOs7L4bD9r9czuL9ug9ck+voY0FbJKKVS/qHYVenc9sqXIoZAG0tdEB44ZMUXDZQECpUzTTUA9Sj4Ic+x0lDCIxmZSoksefyQ9+Avrerwl50JpE1xEwDdiK9g/bSNMGcdjgINEzJPUUEOFYc8PHeCidGx4vVgdlgJfVlDQYYW8nfBvExXOkRga9zQbUSofbHzSFNQpXXjGj7wBrqdpEYypocIT11mVa/ZoKf5YEolyVe4oDuxYtWrrQMTQvuEHTK93JFIc2lYBTporj4Jvx6nWlAY5eSXQrweVKBZgwmEnR3cCs2UR32goDVRECSIMT2StIqovDu0Mbz9G0lcyPAq/Qw29MTWLkbGDJ0AAes4cyHqMckiZ6TMQF+4dNL+Wym3giWCIpdIlIZXAXMSqVrwax9T8+3EoE+y8oywmwcvCV1H4cr1ieM121EOToR1CzpK4WBcbqNvl1gxnITuU7vo4zFPKtlw0498MowCnvpm2drZTusofk+aY8G+7NH8U0LXN0Nx2/FwmwRIYALGuV80DZr+/cdz52JnYdOxL1ZGtFcGHCe9Z4DWPM3K5UDmwrH80n4otT76Pq/5HkhahOOgxijuyK1dSYdNjGUfdNbmbnKdOERByQ/FLyb35pls0K4F9q88XCwPZNhgVh0Eqp/dRpBpFEAaTAinFO8bTfl3kWbtbMOQwYV1wIY0dQySuClzJXn/5CjACC53RqsGBh9kfcUiQt0NsdRl8UMHFVIn2vYRUVAtrb7fglZuty9Wq6TCldTztQV1i8QXodyMTqVIQAbchlAc1rslh/dVhsHndP34sUxP1BCFsuzr0n+vxgZsGlp2UnRBCW54hLK69qQHH22LsBjP0ikNusClvjKYZ70AwVjVxYhSi1JdbAYKOIy8KneOFbURQAnjJMg+GKyVPzmq8FblWzhp/+K5ACABbiWRtZC13dM1gqQ+3crlABeaVcTkLHOor/o67O5NQCw9W8bo5lNZ93Xb7UEUhWAB7p0UkDWVERzD/tVQkja7IiwtiLDtwsS5Ea1qUR7uBZ+yXpsUwtX7H48pyGkedHiELZOS5vlvSawNYNtY9QnegNSFtuyrElEkK7Q84WVhTG6K8pMXtl52FYY5qvbNfhOGyAIt22359DFDzUdk5eS7GvJ92RTVOQ5RqFEZM4IVpV7xl5FucDltFry+DudgZZcb7q/lps8B2N785qcJq/XmGiQ5gt9CJu5mg5UV3VhpBeyNqrZGWrlTADeYkoZAc9KWtOuwtBTszdyGI8v/7lm+bvzUdFMTKRIGyuDZKVH3hzq/gamEh9+bvsdcKyIM/qzB/BtO7VcNFbaM3b/Ck33rKLqXiK2KGU5ElU1hMid2q1ylI2nLBxfUwcvtBbsrQKRYm01lyXDvGs2bBkbFLmR/WMJMNjTwDN8keoXidtStvBJbDkHwWWkZScN+H0ujr0TQDkqoLYB45tV6wS8f9kE/TxkE+OxhvlAIK6mBxRArxP0Jj/nT0nxbvpg=='),
('54863458f384d3-96716598', 1418081369, 'TaGUVw872RQT9sJd1a7q+gdEx86x3JT0l7JY3mkRSW+3HwafFPcwTngCd91F+iTGEIku815EYRPQqxaC9mcwc7jgzyGFhDd2ULUHDbte2RDmaNWzB3T1Foelp9AG7PwmWq3t9z/0QhJ+wJGUxP3IBY769kLaqEmZW+QOX2j0VCF64D02Ky6v3AOFe3F0K4/IbqYNSwshJV4J50DeBy7YZ/wxEny32rZ0Jw3iB7BxwjClf3+w/OTSNkVksNs9E7eJUG77QqAMNIAz0PwFv6HDVc5r+gsUVNZymm/lusevuWEBBNN6oTJxp/iwJ1NYld49L/F22hablkGRoY//YV7tqUEOmJcLL8UioTpyQE6OfiEZx4KgQsXjRHP7/5ifKyO2JA5n2J9zSy0SJH4jo/+/GmhhVCElEWe5Kotf35CZGxi4hHOlZuStnstdGyeqR8XlHGycXAQQ95u+hxCz4EjIJwI6uWjOujZch0pMY3+A/3Fcs3fyK9WTl0ltdKOI/2K5m0SlYnC/LrJ3ouQBEnfk6A+kSBFH5Fc40StbloOMF+3XUkcZVByR7PyLkydFkU/MWQPWYWg6/jafFDinOxnr9X9iFlMK+esZLS6g+i/iDbwxX3sUbZxatPCBKKL9bDlxHzCb8Nzp9Sf/aU5vpGBg/CAimKr8UcGLeH9xP4Oe8H6SO07Ms/kMDEvThT5xGbogCJA0Rge1/xlo2FDKVhZavNw0ytUGfSPj4UEPAPhHAIpiAiwGhymqSufagWH0b9l59HiCblNekYNOneiPIxy5urHXiZsKtT6wNGJ3woz3qhLkXOSRNgrmFmcyM6Ox62bxMokz3jZClHrpzxjIYemjnkT6bX/Rz5TQkaFiewUH/5dWVxCtLha1oUFxat5dHYBanhVgcfVrXe2uRgxgKQ4D0PtPrOWqVmZW+PmZKeAERZR0VplBW0jwu3TkffxS+TUjU6J6tc4RswqccQblkcyzXscjyE7nsrWWpHFrTbsemcHETqv9I7qey9tKpBYAkuTH/9j8h6LLmjDxdE+JlwK0Ioig4fVpzrPXPt+W1jXkIpgKWb7ULJaa/zqycukdJWB10+BxrR36C12qfbmqAmH9pKx0V//8Zoepts6yaapxPjJnJPN9z3wdORo3Tx6Lj9HbjSgF2KqmDZOeypKTI3k1dZEBcCfuksL4guUxdVvXDkd2/KdQlOqLc2apkskg5tjjPG7MdjlsrA74y0OSR4olDP/a46rNInyUT8NJjv0I/PhgBvyU2v2bYFIoz4dGdgTFKrBEOPq9FYUVJYJQRs8HUS3/dgDoyxCq43s+4l7CXHFQYOZ1rcOkSy2pvqY4VH6TF+csde+G+LoVZcQQ5C8jgcvKVW3ICFmQ6BNdt8NF8v0qR6nloPyauvNu/vsWbHOPLMBLZ2TZNNHjZx9QTDm8tIVhlbdQijIJK0NlPu8n3bfHBLL7toKaJxmwGh/9ImJ2GBla/sFxuvK737zLck4TXxRYomtLf2sbC7aOVtIwWYiGQZeSpgegC+KiEs1YmHi3RUHyyPF6+LC894aifLoXXqxSsm1T3rbL36dgaShUbma8GgFMQ9h9ij7m2eUgaT9YDW6L7nbtKFSGfmO0m6Mq75+2In/qy/3C9u2WsiuKm/43pQ+Gs+cr+SjvOi7quWWsekVG35yHctShGNNMT7ehcnqBI7/y5h1t1+nIJ6k7k8d7mqjXdVB8tyEQNP/xT8IrmLwj//RNy6NCRB62l10iU50N0FtRlC+aJv3rRNxCMoToLlh0N0QqtYgYVr9boN3vKvgw3RS45YzqpaSqzw8ETO0KdVArUiANKQeaX4Uu0sONpgzz4QdLjtG0Jzp+QaBLrQ=='),
('5486348a0d76f6-88326500', 1418081418, '646vjar480ml1M8heBlI6LlHJNKdUf2//xmVLrEYr4FPHdOQGn+jUG+a2JWgAq1eEeEas6vtuDKsX6z3pMqn6WI2B0GY3g7PkCeAkDl6CpyVjBMjJGEDD0Hl48Jm0MxUqccUidWUm1p4FK3D6L+/cJ48ElScwEjUNNfKkcnmztQ83/nxiP5fOYefGPslJcCboJxaRtYB6j1zWHTEIg=='),
('5486393d7fda67-29829376', 1418082621, 'baeqsmfaWXWAE83oepYUqT90vQv/K/CljFSYOP5qQjPm60imHL43TAFAMrBxSU1la1KnO/eZ+0/J1INO0yIuB+LmKudG5su8mQqQnULKoXr1aaA5ce3CWDqoLnUu5Hdz4LO4SKs4ANG2cDkp+AiNachuITqNpkIdmoBI+N0yc3V4gsN/zCFIMmfv5nlmygI2GZRRNznGmaTRFD6nLg=='),
('5486394a026ad9-03019644', 1418082634, 'dE6MA4IHO0AqNTM+yUtY5VPhFWhGy6po3z6hfGhTfIy8hxO3kWQxhVNlb/VpFlAhqLWif3J763ZZuqhuwizbyo3P+C0EvLKwYw0kESwxglfRzy3nqfbE8+aV6jiGzLDLHjqu/JJRdzy0gzjQ5K333WFLk6WGZwezbNMPNuFxe55GhW1x/NRdDMe09LgufViuIT8kA6NDcR5JGsxKWA=='),
('54863c169b5e53-29878859', 1418083350, 's/w5Z9r56b98N6BvpgzKOtgvr50XCwi/SWeVCXG/gH9guaElSSgIA2f97KchY3Br8ZDMlpCkvxQwQ22s6UQfIxjt1E6h0duvkbhRbbvKA5s7MOqlGcJUVy7a2b+fJuM9pS9SxskYQu/OxRUuwVSMJeM5XOLXth565zScAnPyOBZoRRsypF7DwiMrHLCJ7Hl9u078nsedYWGMgBI8kw=='),
('54863c203b2413-45062466', 1418083360, '88jLWi7s5Ki61guv9rrlifhV8/MdN8PumW5EZntP5ZmboZNAqoH1amtsXYntQ6/WJJRXbRWx5MH8oDqOfd6H0nbsW3M8nboWSI95hBOIG5dMeyo8krzLDZDI3r32VBxvSHrSoNkLdQUvHiTNkiiEd+x44xkBsmn5D6u8SWdutJJFUkTHVTJJXH+gp3aRsjzq3E7JWe5qTKsXgexNaw=='),
('54863c22c73ad6-40495045', 1418083362, 'uMAzcFp3XqF8tOuWie7GN2uyrr+Nu7OI+I1mNbbCWfi/vmg89XPYgMYVqUGQBHXpX53LNusQnGmqrHT7ApWYaVUta1+5HI+zGbyGkVCJLKumzs/bArjOv+r4RX2QQN8/QU0ZZT/icObn/QA2agiGABJq34WSGkhJ/bXxlPIwRNAqFJn/a21Xfjj3o8H8uatiEXyX712Xdpf+rxhR3n/6vtA='),
('54863c22d68c88-90409426', 1418083362, 'meyGKgXrepLUqYmiloh7WJWdQN3H2KZgFMFYg2wV2S32xK5lXR03wrQoeg10jvc08uvXxrHZKWU1KuGbylga4utv5PQ36uQl5DBrPxufxe9A8DarsD8fFgBikHbxAa66y4O/RTynd51WJw34dLhBeP5sRZCwMONE2Xo7uQc7/7wcIe5WaFwtmU/+1tjXvm9CzUzkH4x+Vbrjdhflwg/r1A4V'),
('54863c22ddc561-79608344', 1418083362, 'NFwnLN+l9kBZ1HgbfnHVEA6YrJjKBaYiLt7YwcDbOl7kiuAe8riv+bnyJgfTgz8DEF902K92GcmQxiqLIH/78K5A/PtBDWoSiIPE+9zOSFWw7NgVFmjajHbnRJOZ7IT3Rtw0We7EjtPHoetTCoaWEcjEFq33KE2jVkKDxrbbdKjLzAaJw848AlQaAsZF7ARLIH8yBmIOCbbh6at34wkHM69OVUHV'),
('54863c2301e701-68442070', 1418083363, 'ELf3C2RYgL2UyS8DGVDP/iLiz5ilHPk8QwrTOpUupCvv1F+BqJPVs7BpKNtzysHzQN909hX7JR+AXxBOM/sQY+LOMBMwjV+WemUslRTHrYjZqqlu1D/27/EOf4E7Q2qWShIZXELNKRaSK38TLCTAcMLQBkORxz3WpECqIUEi3YwyXBbV74aNbBAIPOEIt255ohJSE6T1bepAp9bzO425X0LaPltjuhvx9OU='),
('54863c23cc0d93-49409239', 1418083363, 'PovYVBkz4eyc1UFbb7bg9bJrtuZVmzlXVNwbZhF0hAaCxuQvg6de86ubpeMXLvbuex6UgRyMqQIzHaten6oJetVigMDln6IHo/ZOZ0JSPUik+6XqyxUkJl4eGWP+uiYWax+2Fyealw5zWrsMrYsD4LxcK5NcluEHHxAUYpi2w8SQVeILIdUawWAlRQ4TRN46QdsfX2no5/Gb1dVsZk6N2xmk96Yws+HVxmWE/w=='),
('54863c23dc1af3-98659066', 1418083363, 'jkOr5CL5qiFF5FbEhVnTyomS3kTMvqwAorOIBPlkMoqJBDtVV6vYvpYEHuBKj/ZyDsEyu4wFVqwWUUOMnrlUdd2Gw30dOw+GN1mERW0Kamoal246BW1F/XsZaeRFTzCXenvWb7f9mPU2MteLKt9bfCIiNn1+EAE8o0Y+wg=='),
('54863c23e00506-89360517', 1418083363, 'eKNp2Aiu0UDlQ/MJ+BrzFJfSgR84yEdgBhJ95/FsiriiYSeaEVaItYha86mCGeL8StZtLR+kQZvsfidsjPm7XozADivWx/8/4kWMbgXtUFfOFBwOGRMlOWnCqWVUUYPCQ3g6a+D+KW9ERxUKc84fTng6mJybaWvMG4UNKG0gOluWhctdkD8oWB4GCP9RiemLVMLOlBHKDSrMAKlcnYQ5TAqiKgkOBRvS'),
('54863c23e4dd67-03352284', 1418083363, 'MaB+OoEAGjL9h2Etxs7ApR7bTMvSRmmBi6sdc8N1qXf22BgJYjaEEso7kZ0HRTCGTaRjauP3L/xcsi9yTaeCdtTH3O/jrlOEl25Y1ANIoi+hi64vwOKpUCymc4aZNB3JTIy8pd8/Rg5dOFdKukLiNT+WOjG1/Opj9MPPzwJJUzdXSK82ifZPgjS5EU4I1c746fjWwpm3mElfXXEU3gK5SuICpnM='),
('54863ce9a273f2-78534202', 1418083561, 'ESi+4t+SAxCQ7tdlFSzofGQvfT9Xi9cQPPqXJv0RYelPYt1NXCX9klOX/PBeb9Vatamd+IM/KviCXPdWYe3FcRqFeZoa/rwNiLvsuFdqGP/SxK/VPArULXEtR6TaMgYrLB0Q3wRPxFVpelHbTkD9Hh8Ait5bQ3cjmVLpQL7t0KbiPiSpWMBq6iLvxU3Fboel+J+THvKVoYL1VlRW6g=='),
('5486433f92ff11-86103510', 1418085183, 'zV8ZBtHUb2c4xH0QAN3elgqQ0ujscm9c0x+NNJpav3b5Vatgdllv62viIEJi0rJyyqEOGElYLe5W6uRpNcHWPTdWWjeTJumZT3FwxslxXp2cHpMJNrjW7cMWVdn508/VYj8tddjm5x2xmOZ3+6OS076lOEPADh0X9NcGxINm3IIFTnfyjNDZ/9GPnDbb8rKOh3Qo79kkM8SAcWD0gQ=='),
('54864ba45ad938-18591717', 1418087389, '/I/YPiR4iMNVDCWIo3wyzXUNXVM2NR5BGDV1SQ1y3sdBQJMfn/O7k8QlIkoAZ50YUelOpNmf3m1SykuXlUO8zsTYwQjYJ5FhalZfndDzc3dcnhgXp8V8gcHfhfODypsTIh1MCALbKY3MpoMPuNmavNxITl2AxuU9CsH3hqDakreU7SdUGH9YvQpZ5dxw3P1cJK2wrgWLPkNC7eR66NUt1dTYIE3bLhsyhXBNpkEH/XpguLbpO3Ez9TzNlqRXEfFG3D22TTOw2MQMSgHEDSlw3XxMMIrDiRmYi96W/H8Dk/TEL7ETKEJVLtziQX+NHCuwW77Ov3eJ8s83/0wd1jwoxCq82ZdMrCBJkiHCjS2jGNS7GcHm5nWpwVt/PmvN4y7w46pKwKOyEQfq2pz1WOSifP4FP5Inlbo2G238rXNRJUd35vskyjK8+Dvk1aAssq+Llnb5oWE3dO5PrlM+8O2xQiU71wCtKlbzDcxVue1HryRPk4n6NBXzcRAVp9dzryOvQaMpnoaJWRx2VJz0/cLGRk3KcNWXAJxT7/ezgTYoagmj/sFKgZ//SbhYKKE32y/VtNgA4otTp6SWUhSmsG829ke9V6FrwmkS/baUOJ5oqv2NsKciNfjaQvLyfIvgHe8HKdIyN983LcuiThRD2yUz5iJWvpTqt/W+bBwIYn9OVAwQzOeYb2Wvh80gzHONtOIPX4f0NLwFD2Kfy6bFzT/0vlDob5hvg6GWg6RbBk48VFu6Shsx21kR1n++y3zMmRRkP4xlocH81fbgILWwqyuqrnal/rF148DKFEIDrCvySdTG0eWS5r2bmoFenk7bPHpxH6wCqK0BCVKVCYh0kKnzINTkunz50paMT5976sBWz7eKjd4Vnpz+pezwKKpJj0f3e/7oBOG4gkpRWHfwjjw3a8v7J9E2T/agnQleZHa3g+2SegGuPe56FWZmF2zDoarP8mP/8EhWvtTONiFQ5kuynCbJ9tJI062xgY0o1WfGPn63VzBdaVVdMJQXjmiR+RnoGTcsr7p9mrF8BbsseqQLF48IwGe8jL4u3JlU03EoN5bFTZvkwhz/om14B7BG8nJVt35vdnradJc/rsvajc4MmGLacSrlJO+XJbmJNfTOCg1/NJ2wMLtnoY2+7/QPK1gH1VBjn6iZI02Angea7cMmJxKREXbwvr9QyWl29tamzbw7jow7l1u2ihRaKh60AccyMAiWKlwxRpDB7JBkUrLUeZfFoJ7pUZobLGHJ7YEwD0lNS+Mn1NkxDy9wpB8vzn1XO8aaJZTACQltC/LVjmcMYHeg+8Akvg4lIM6B3UMzuFB0LrAvuxi4ozVAoEskPI55A7Xvc6nVwIur6Iwm6GrbI4N/4umbynbxRJ5TFfgCjU+yeB/z8OeC48aJCiNDMInAdzvH/8f2ADg+vLgXemgXUL1Vk0FnWwmtRkkDnKBGI30SeBfyc03RGSjKKtGnT8yIl7p0BU8wmKXmhXpPAxa6awUzUfP6m4P14XbcTS9+KQNwgVwiaNFJrqv/i90YUwtK7Lh3itBX1872BYTMbRNM/EZgEwUXRyPr/rKO0Y5KRxz5V80AQmEniza7wLEZdspDvlb/d9U3AlLr3xGTFVMGl2xkz0fIfyMk6oTIMX80kaWgPm1i4ynrwxqh0RceDrjLeDcd+Q0RcH0CB7Xm8B5RuDlE91HkBb+z5vJ7BS4MZcPfFh8abhcfIW8MrSld'),
('54864f31e4dde1-34966531', 1418088241, 'm542R52ldQIqq6exO9tKEBvS32j0pS9/LcWlbVKq4xcT0L6OFtgrITDzFuE2w5xq4zdopDuRePsYBsDYHX7AM60GHZ9twtPXdpJknQNB8JX77oRNu2pMaN//KiK8VenL98WmLc/d6eMxv5bwMwSY3WlSl2kzfnNOipvL6A=='),
('54864f345a2350-87820894', 1418088244, 'BGYtLv71Mpax9VfEO3sMytlt0mf+0UTIH6HlSvNfXdj/5UYY69NwPy4+mnqoP1SedA1f35Je//1DF7WMDVfSCQrqrDZfA3kVruxBVqvPez6GLuFjA0kfsx653CD9LAuyUMhmV/K4XTYG0NO/erSaiC8O9iRP8rXgr59iNWYsN5n0SDX9cNUa4+LO4IzgIW6xqkML31ed5koLVhE2TZDOILdAuOUp'),
('54864f36d55929-17877821', 1418088246, 'EnCMDnZnv9yWGeSahiAAmqjKMdfFK4egTI+IWXJTDo7lcCKfFx8IPdY8rmQGu9UcXHbS2IDN8A21poils4RX9slkeVP9IyAtqKHKgLTQd6SERtOgTqd615qy5w1vGIIaxRiLmamhfScGWiRtTR4iDgj/lXgVqPGAKLqqWnkGr7KjM/dMmJfWTL9ak1LVuizGPbNzQKgMHmN4kvL8OsrmrO+j'),
('54864f4aba49c8-52153379', 1418088266, 'MD8yT/Fk0UznUYeHnhcV860rRdXg1oFkfEX4Z+PE9RKjNDGhtuN75Rw0UNjVic/nBxPhpC7TrynIhdlCy9k50lK9kAqxH/f/s8yj+VJpIkPz5gwxHiTHx2OU8WD04nrxR6mcthZUHnUNxJvUz4GUxgog1VSAyR4Yuv+NuBeL4KrOtEp6JVID1nDt+khcTa6x58Gs3SwsDZETPriD3y23PZ4='),
('54864f4cd098b9-82628353', 1418088268, '3HXiwXcax2zWa2BkGnrXcHRl2tZQOOuT7sjNu8lV6ysllD4U2s8IWvIA3nel9mDfDqmp5iOhJgE6Q3D5TR4osjvDnoUFEbS72mXjx3ROvYHpsnHIq/dtNb9IJ3mltUAUkEywloVNWQpkNQ0gofFvQzRIhwa1fas11INISeG56+Zkqj0Yw0ejoiibmO+9xamE1b7sXP63rDypRAxyjvSEVIPgCvxk+82DD+M='),
('54864f4eea4f88-29546828', 1418088270, 'fqp6mwfTmxFn5rDdHQSX3qF3anNjf5S6jUm1RAUr00u7P451U0lDCfq/0jIUk+6j+zBLcLC9KA90TWYJxsFRZLGZTtjf8nhxvdOYW56yi3WZ4rBhtLZtDz6MhP6vE1Z8h+Hwc6xkjXxZLJgYEhfzFDAgV06M57ewL+kVtQTGDFNNdqVTWTRwU5A09W4rCZCFoP3KmhM5rogoq7YxQWP3uUB3uczoijTw'),
('54864f6910b884-71115006', 1418088297, 'f7pVsLGW+395so4lRq6KH2B0pdXecpHGzanouiTw9V6NKdf6swiRY+YuYa+vnuK0PplAfrCKgbi6R1i6ECBhDSk+GqwjiDF2Hy7T+d7CZeRr0G72zvdET6ZArC/HbyjMbtvrOfYoiGihcFQOxlKBhmX8j0WJoo38nru/Y0s5MHKCn6caaJ9fOxD6bJXwtSKGZar1M3kkeWW6jnTX0A=='),
('54865c006f2781-09692090', 1418091520, 'uflrceeIN7k6UqURMO4oOY1PhhRLqvXpikqqFgNK+UJe+Re8crWlPT9Hs3cGhwAwW+cq5b668fuuw17EdBM73fyQcvA/9PJmK4R1G1nCjnjQ1BC2+1+SoGolkks38JrTLUgtPT4s571y3/WNV7L3FlIQVDymXkjMphngKllP0tPZPUviA9bLqqYX3Q59mioR7sdgFEVgXITQcZ8wuQ=='),
('548664e0bc1555-21619391', 1418093792, 'jN8Efr+GDkbqc/NneBeUTUN/95oiMLIhxVcg59iq4yn/BleJmTpcGgU+duYlU61N8QmTE2eRVvFQDlB/IsomMslcjcufjohuVD0Fn6lacG0agu4V9KiMAYkQV+IYrTJ6gHz3j/aJq+twmR9u28CwJTtXmYNIdzi/Bo6xFkWLyXOya/PQqhNg9dmUOZe1hBJImMxjJ0lbHu0qkNKC+sLIqiPBsdvAAAbBkjMA4A=='),
('54866653e1d335-98434488', 1418094163, 'al6nTF0qOkGHR7ZQCWcNZDb3dFPDXiaLg1EwxEUFSmhVSNwU7kDwrvOZgx62hDyIWqA+zPfsH7RxEMHYadc6lloxGO//WPM3cGrxTLY4AYjisvnTQHamowDvCVh9A3qufeW5TurPssp4/FuyH4k8FxeZbNP44jhLyPz46JF22tuMZYJCKWTb0E4SemD2KqReNoj0M+YDaQaOHgmt1A=='),
('548666f2841598-46083171', 1418094590, 'lCyK7gv+u/2JUFeCwm3IGchVHxjjEPyMbnpHWopMxIaENzm8GtuQvua4dnf0GsKqk/o9FPRnMVJmzzOqrdvTJb2Bqs6wFiIEYeMbVJcXtJXRr7mpa4S+xpkd/glYjgPZeUZ5J/a6IzwRHM1CK3juMYP6zAzyZWO9BfGLa3FQnj/0xJDxUCN822GnLHMc7Etjj/zc0WUwBGbrS6oxpRWTMkty0m7iH9UOuwVLm4hi8svZQWd/nu86MmfMaoFVYlH1K6hGv0PFnhHxwVtcuMgfOjWAHQZmbwy/PhGN2SRrHuAsT8cZeGdyyC9Npe+pD9JHsZKvFDroExZ5K+WeRpJsMl6VeYc8ddLdYx0/2+AJbA=='),
('5486d93b6011c4-24346864', 1418153902, 'IiaV+40n7t18FRX++vHWvWsUmMX+NP9dekqgCMZThmtPFrKq9kuiHpBelrpA0nRMhQnsPJ/Eh5GHPw1sT5TvG/Uo95Ij8R8mjn8DWMgRAg6GqGzEKYPN8v3XYVtV6my15n+RqvjRr4dYdm3ThaC1Dk0npKqY/EJ7BhhoGZ0ZYBZiynoFrTq2jQb3Igb6ppJAWx8NwKDt1b9lD4CHa1eaRKlpZoyk8Aj/CgqNHmHYUjjg5uctg7VbT+SsMqIM+smoZjFRtwdTq+D3boR0CRdSuHhHfEiaNxON6o3SWKSXQhhzH7FjxdyADtj3T5lELfzw2ihe3iojoy+t4TmqCvzm7QvXCFqd3vlMfshTRqmylZd0ofaOeXqycrl+BDBEhg6fReRxO7aUUmHvSBKwNA/THEYjGVPgpg3JShYP91dW/grmdeIUxo7S/A61REvG5/pyk4EtitFp4AMrYLsG+/y0wZ+sIttddxYZx7p2vq97dZg1fRKQ754TSyQDKTVm7zS0SZYKULXtmZJIwT4ymTCEqltTZ5A/dBhxzmVb9RDbI6oJOmTKbb9+VS6EPJzVKCZs7LRU01fG2U/vIGWpOJSZsnxEW4Y4pU6PGo+SMoSeJKWZbLV+wiGm0XG7KLB2fj+BPVDp3nXs9bUBQ3jnPg/kWS8P2j/4MsUqNeNgRFUQrIdMVMq+7X6wQzDAtXsFqgb8d6ealHKZM5KscPC/GB85McRltcW1jxF0AFhe4Pcew8YUl/t1Bv+hKmTsKgKZIM3MozHYDFfUR1vA+xgQQnzZ29L62yiP+GRddShbh4bmc+eVA08/W//zp6ipyvnh/jrUR6Xlo+h6NZgM8JivkEcTzRF5QqqvMkVnqSRvKTKsYjEfc5ssCmeuXZtj8eHFtu6ftIeCK42dDY2kf1LcoZEx6ERTXy0VDOwkXzMYp3oINpbIWYFj1SG59dRrrlWGFV3UHYH31wkVD93/2zMhIQq1erOMbPYWQMB4H3W/wtJwWm5BYQi5C/fYOrP81hL3F3r0zz6exuhQXuqCPY8gscfPwhDwTNBlGwheFdFIsL2KTbEzReE5coKLD4BEO29IbqZZ0hvJfqkEy55/nXv7WzgRwEYv7tml3/NrVy5C7fOzhvYeVJZLcLGbhszZmZPjcpRIt0x21v9JWqQVLN+1BRPYdni02ZEeGFdzzcmisPsye1yr0L6xn8T3JLyRDpcvQERSEfuPjp8xT6m3atqrQE72cgBJTLTG8FRuzbeXobfJzEyP7lODtZfSKadxzh+L8+Jmw8XKAF7FeLUDpCRq+xUU2uHUlcgfooMN5ZPQzgX2+uOBj6y2ZlaJz29sSivpucvosfk4+DynL+4l8aaxiXO04RddztkXnJIe9eSTd6rPOF1iHnewuyEnF7Lic23aVHHAsrQRWWT5NU+jw1uyVkvxbMgjgXvFb4O+8ZeWnCqO6LIhMwNdjpz1/n97mvGFTQDJxWsEk3MOWd+Lg+iGRU6XUq8LKL1tTI2PZjv6NPXPVRThRPfVXe7Tn6Wsp8M+DuMJIJJHN0lpRfS6kPMZ1LI+Ced8GKjBWRtxdcXg9aZx5FL13m1qNJUir9j47IgLuxb08JC7JhliKNc3Sm64DpPbL4UaRGbUbjgVKA99/JDCZU9GGRC1Q4/xhTCOdLrg4UZdx0WSyGfTlmNyFIz4nIzq0CxLSG2q74gdJI4vav5oEA2W02nEiql1yzdPA5Fksnmb7A=='),
('54868033f3e540-71644253', 1418100824, '3TwwFOGk7o2fqkXO2x/ANueNJjP3YGUY7lqwT7NjGtm3l6t0+0eBCDvXVePrGvuU4IVRuNyQz2Srj4utDX7P1oy3zsRIiotfPYDSrvXtfRrs4QbIjRzhYBKWYWz3JFQK5Wl4XRRc60oVoF4WpcukMOM2Xfgjy8RzSA+mPm2fIlhGjhmIKiWOO2ZiQkO5HTaLdBLQiW0mm/jPtxH/OKiB7IFWZKWVyin7TPyVAxZ0UHYXTjHsyNnXPOMwze5fRFtNuBTLv/Mv8R7F1pawAhpxhjT9ANn06/wHAlS/e4HxsyDVADH1ZrhsiA3KB0yPs+W41IchRKF6d4IzNCK6sC73WUPwSII0lcnN/I/VGD+5tZ4ZaRu8Wnu/3iygJ14yzpV4TfjCeqEzKUzCy7qPKc+xrPeYdwvasBqLPpi3qFOEd7oY7MtyWnH4RyTRkFTOhDgAFQu8xulVrQG07+yNschdLJr7gZWrxDLl5jwrwmhDiWYNY+e9rvC3+t+dx5QuaN1esLMvnF008EyKJ02D4WwrhE1MdB3zCZ3CntjhWim//rjJYP7hyYfCWS+1uqO7Z4i0CrP6PQ5KmZTzg6H/NoV60PYVtq2f1XtNjWZMvvDC9P4S2bI1XoI8H+VueKJpvUJAA4U1LjBCoQ5y4J7NLdQM3ZY4oDd1IIPoYfgzPxNC4n6fDjODGRxv0giqVWKOBIrP0eKKGI4AhHUNIKoDqZy9fvgEluwleHnX7HTqzRduxwAn9uPgMCIeXXfsWd0v+Z62GfEpNyISeOoqhLQvipxp6FpPeANLWTzkSxNm8E8g3Og3cCMNWF4J+eFxgljdXnfpPMDMcnTJVJpra0zF+ZCz9l4DAf1tkTV/Wc8YtG1n5RGpcBNc3Js8sX5rSbupjWg5zninagGcV6Z4+b74KkuDC6fXy9Yrbp9ZKQIh7+wBoMjP41u+Ep/1D5eYfvOzxvhl/+DnVnrX5lv4sAp/az7e+iWwwQNzoW2/dnL6N+RKackeia8C/G3RPzLVyYWoTHyjwaFsHIrm3YgLxlvtdd0fGoE/RQt+IXQAo6hhXtq9XdeXbE2M5ogHozkVlbbAyv+VPBjGYFgSTbAzq1+uSZqLHTzsE1Jds/QQ2AfHWypcT9NDfaxeP/XYqCz2oeLZYOZzCq6IbY7kZjg1gnmwccWEjRGbl5fiA94wzqpE0ry33iddjmZtgZGjj2fvCpAGtfu/Ti4hcXjeU88xuc1xaLY+Xr96SWWkGz7qmmrLp4TpvR8Z46I5wsvsTMQsvTszLh1ejzIUOzJkB3jDaLLkkV6SjIdOHGW/ohE/Q85TJJ+Vn9Xt8m8iZ17es/Oh4c1PQ06zXE1yCDpDkzG3g0Q7F9wRje8xi93EEwFQMGFlv3XcS4CIEfac/ZF7S+9mm18XuhySmLZ+wlgUOd18f7c8hVIGATcSCLgh7vieN8RvekKKlGOaqJBpT0MavTL2QgG96G6qtBsqFCvRP/Ir7dyFyetd8XZO1F5r/iMJ5DFuaIIATtVERCvJZWN/weRWcrKtBtWn/afXLdFT/KPy0yPNdRMQ9Qd6LkAHnsWCLyquc47EtNHpwcGDwXvunxwbUL4x6BaGkCfi1p/DD3m9WQ7iBJBVWX3NEuqt6j1nbBiQ0JIWlOzl09MRjlkDT/D9us7qbOHAKBRZAun8nhpSB48xSJYEK8TcwzIxvvN9RwSmeKhGRsdziEb+VFiGuNHiozvjr6hJw/XaFvw='),
('5486812c0a53a3-04699282', 1418101036, 'iQyGODlbkkrKr+jqLCzAQ/JrQzdwKeRmMzx0/O1qYOpHB+H+y7krK7a+xECH0gks2biscTl5mZNUo5oB4qjaD+qq7WM+gfdgBNuqZcICMV3gHMgkfGtCc9urlc8B0KGAyoXCYvi3Xwx0DpLAU8s6AyaCkvfWinP4kWYwwjkLFkI9U2ICe++rfio4w66+jvHcwld0EemBx8oejA8tOQ=='),
('54868f5910e859-24435221', 1418104665, 'c5ZVlmfoZFVmbg2C+OKJ3VmbdfxPJewAH/gLb4HaVOXYKPvh/eLuKkO7/ryy3d/aQAyYiv5HOARCCQCr1DAyQkUqtbp8EKtv7lu0HDNcCVowxrkejzK1bst0tKuCULhvHbSybeGPBKxxMfYp26+WR8sZg0oGTMi84Y5vE7oxVRNEsYpkxZ+fgOg5y/RQfGzDU5dEgOju3dJ1Cu70yg=='),
('54869278396af6-65766173', 1418105464, 'y/3/lj3nWDux4mQQJ2yg1WpeOCG2E2scIAX6D3nra1hCennOo5n7iGrBMjjiygtSSOg4EFVodpEMZSTzOXccKRG8IkQcmYoQf1+BF7tYLh47hL07d7Rciv87lln6UIGLybixBpvsJslPLoVxb0rnOkSrlNwrcQhqW/fJFJshpLmtlYY/mAQ5+JPeNackiww2JVIZTlDC8lOnZ8jjSA=='),
('54869a1ab51217-97564076', 1418107418, 'TW1DY9PEeZVeC3VkFdkDih7MdxD2OpCn16GVVwf7IjiWTRdze5+pZaRQ0EQqLE8dSIRcu0L6EYkD+8FJzbPUe7tgMF5Sws4b3ZXrh/x7xUt3V6hkn1rCkxQDnuDGawBD3qkF+G1w91115DQITH2gvOZOO3fFjFmhPeqMcA=='),
('5486a0fe09c571-62238688', 1418109190, 'i9bEC7XQVaNVWy5QUoUVOn0akIKbOCeYFVm+gPGR6Qnby/6rVerW/oIAoI9+aVzfUqIuR2eVzZ7EDrT3iSJJh++cAQeoecGA20uq7QQeqjFjJZniM1w8jIIZcKCkssoiCtpl98RxfF8rDVyiubUxBuegNqw7HuHF0IUh9PHPNpqFaU/qxbfWvbqNewW8giewweQ4woWapCtPRDgSg8vpddSyXluNVt3lzuuUJQ=='),
('5486a1fa6a8576-98361777', 1418109434, 'qyJ8IFAkEjCmbLloauZGocPvxUiXfAiPo+5CDh4oUypDx0rVO9wtEUb3d2IhGdQpO0xZmfxC5ICgdrjmQt3kzn7FRRyW0T4NS828k+3QpGZFHkQf1pOkcriWdlJ5oOzUN7DjlVzajwnmLnxGpge3a+/edknz+jT5UM0YPw=='),
('5486a20f9c2309-01318349', 1418109455, 'X1Vs4aGN/m2W878XLFDD7aBIx2vHXFTLNMmmsyPGYlMGBQz1qP5EqAeg+9N/nKBpYqo7J8DUV64Z0cTHMeYIbVr/8U5R8+ctgqLPQaZh2exs5gWCblfw/PMe/w49cfW7MnPbnnO6tSgG6P0WshDgiWrvM+WTFhanDlQfCA=='),
('5486a350b0c660-58447008', 1418109776, 'sIPOueZoO7x9PTtrzXDboV6Siqm5VMsWlJzCdAm/aYU1H1AyHoAhwwsGyCJwhLIGS23gwYB3cOwnaHgposj02HI1Bnc0JFxWuL9yy8FwY8MWda6h3OkN/Vz5688LSm1Lq1XfbYkAAEYUyQJFA3OOKo1f+bfqQn8V7CpZ7g=='),
('5486a350d08748-87049732', 1418109776, 'twvaJbCHc/3jeo7/T9SOIBbj7OdLKVgrNKPJPH0q5ZWRFEnoOZcGPH58uIGmgxhfaQR1FSdNNFoVRa6roeLxBe9/vdUOGHaHlXvB+YgsQJcpjVTsl1Wy4G+zKD9QaR0V5Jzuy+txpljzsxJSHQLX8O67MEwjOU8ZAxYfcQ=='),
('5486b2b5279d73-78897592', 1418114399, 'c9uz04Wrwghl0vQz5X/8LkFkiio7K4qqompWUpg55McRD1IBOViKEF+paZXSsPtHuY6qK9AWgE74EeHxi/9L9Boe5Y5vi6LYuSo3XjiywbsL7QoWQMHyKMpDxmERBNEb29leZ7Idwj+MGX1lV5bsIGk7ChP3Q3kximH5uhtlp/HOsIjL6OEu4VaVJ/8bfeTWFzcV+bMmln09/7RwPKVPjRCvWgrorQCDc9b7wqMdafOLOfM4FlGyBz2gXqov2vbTWXI82eHwaTmKv353i7mEcxm2OKG1cCrI6myOH7mS3qgco+FeCzJphliWj7+X4lvHJu4y18Lz2TNZpPSoGiHDCsIE8qAddoQ9szCvYKI+uK/Kp1YEfQ/B5+etbw+NUaNccS01HtAyWC38aa6SqXPBcbPKrTxkOfmWG8QOR04gvUc9qaUPFelxpzhRH/vlROba1n75brBBlRelrqvnwJA/krZcGh50SFqtFmL9GKK9ySeyo62nO+aXas/FsHizotsEiquNQPzF+lcoPV4pwXSJRCgo7HGDt7DcZuoYaqyeD9Bkiw63dJPypOiirtC8K51i8dBzOeZmCNzAx8O5ypL1pAjOtaFb9Dl1/1GnSIblaCoVeDxC6pi/TLBuNFCV0/OcqB40KEBBndl7kye6VfbizZexfKAekxsc+aP1xukoEslV2uwqZkOZ02MOgpfA8AvDHHDP88K0/rh6JA84rlmkHVa2rTgzMQYAIdiSxl3QCemlawkw+Vq4g8WoQ+PEeP4rIDV49P9+HCKqWQDhnuUbEABbfscQGVxqcWAyxb/ekD9XKnImGRQBN7Ue5rwAehHCvVbzZ0Va06Grh77Ja2uq/4xe8AY2tUU42GKT8Dl0qllh6OOAbk9WL8JM11Vjkdk0fcZf32l/q1Fw/OZ/JuyOlnG6o4ynHMHtXRVckPgzclBT/S1kj7EWU8xCuqpu+jdNZB+K4hifQPf77Kv3Q6aWDTHh5Fy3+37NYtbFQ88jcpABemMzhkfREH+eRPr2opiemncFew+KtqCyiEaJfzFc6wloT5+9CYp3jYQoFmt80OKfYsDG/G5J0+qY5j9i97m31EteDN7hPl9jBV8Y8WwPqwtCZDlLs/H4oz7w9lYze3eiotxJPMP9we6ujAY7wWvcHGDoA/GG6QmlK4ddNz8nTdvfeEgqfV6ZvxR4XmJFYEY2pQMpliaRfF1U9yBBcJ2Y/mINIaV4STC+dpw9W5xY79zS3jo/tGQouqRWlVMYhSqgd50JnG8EWCICiPtCWYXDJbLEmjRsKD9wETwZlk+kPoDpZBqQAO9FElBgPBTNlj/1x/u3GVGhO3zjg6FVvl3ruPaz7N+1UoThzYK9XqnfE9W2YP0OjrUIfnKcHE4LmuCaIeEcYYEdSsNJYTn1UUNiZVMSnKdsABH4uH6/fdDPS4vyIsadRA+S+a54kaazwNyQTV/oCoe3tZ5m4Zu6/McMng9kBaUOPUHoZqHXn1ICK3N+PnlB2VeuJ7upKQFjdB5dDGkw'),
('5486b42beb7125-84974079', 1418114091, '0/oNZCYBVhT/aoZWgevXY8Qq5A0MppSUgj89RwzCkm121vY62BDGBN8m3gfCVJn0TW4Epf0t5EvVBBIuAhDY7CFOHxb5uvvpC1AG07K8HkZT6ErRjRF8NW+P7WmQNYP68KrG4qPt8fP5RhzFtuTLb10xtOtN/sYXIj2brIa4JS8wgb+RkePJ56jK8WV4W+Om1onl4UbEqAua0pX/EQ=='),
('5486bc57e71cd4-17306099', 1418116183, 'YYRafgQIhV2qUC16s721NrH3h0RB/sQoIKjUj6VE7d/m7BRptWGEX1HGywdoEj+YnZySjJC+Ga9+5F2+z8O3swhsit37h05iase9+P9FKk0MC4luG6hbmzMCxO6pRpAJF90UBTEi87K5sRuGSZ7REG5uWKvuVCjB1/asdeqfeq2mIKp+y/vncuTUryhM+5JIWggWly21czGDrhBUZQ=='),
('5486bd574f8e86-76848996', 1418116439, '00daXcS0j+UXrh1HDsJcSXwZNZurD6Gxme2ZcEunKd9Ea37aAM+5yuRs+ea/UvSYcOGOUwyVDDZxBBWNN8fT/FoYynv1f8WgRfehLSOGPte9p9nRSNDV4+8lNnpz1Wea/vjUuSer6tiHcy5fTh6Ph83dzqlkpqj15sdlwVjdXxJnDgAO9S0U8w8TxGt7oCFkkKdNzc98hJOMwjCHkA=='),
('5486c5a9701dd1-64221538', 1418118569, 'ZWtjEfAFanRd7AQOStUihbqTD68cVzV3S0/1GCjH7mZnvvzlshLCXNqexVcP9JQvpoL/u1pVk4PDUIrBlqbECMB5VbEe8hN007fcMWyj7a+RtqgSzZlpIdBUE+fr03XwlbgtvghWX5tq8HH1ADkxXp5masTVRe/OJGE/45aWEgDvU2jCSqNnj2T+XWjgUSYd5q3INAc2LDJj4HVPKg=='),
('5486d80dd76776-50352017', 1418123277, '8JsBLcM8XCpohqQALhr9KfHxnU+w2dFr9ik/C2XJVC7pVKP4P7V70tIDKjFvZoLdmZhq9+5enBbATsKHcpz99NSlfbrEknpJMX+fz6MG/VNIOURT/bYDgK7Tt2rehIhbxIflnHEWfpauxUrw7Fxh168FvymPXj5xTXmurM4ArFkb2G50yUVCTcpC2grfYg/cMSEaqwcCCu6xT6pk5g=='),
('5486d83937cc49-19929675', 1418123321, 'tpXvZeKXPXXWR5Fj4sZhPLuD0ibTBFV1IpMPFZtGzXumQV2iTjZsYdIlXmU0nd3Ii97TYW/kGfb/E2GPELc+ZFI+qY8TYI+RE2PBm7wiYUjuqqInQKJepT/ZOZNehcc9qNED2jDkAgqu/XL6jBMTdL4JDQ31+28AjlKex/tyWOCDWpLfvbE9wxb03uGFTbnDQ/93vCZYrKukgZqLFA=='),
('54874fb8c21794-69663538', 1418153912, 'CGfkHTbMe4t1G9PlC/9Xm3pWE+qnoDdnar9ZkbBuCx0U94ZaF0sPB1OztlbS/5FFO72BM0QHKYSxlD2T2qnk4Fq/krsMAjfbLIi1nunFmslVTZJXyfdP6NTJ+fHC6DNMVS9tnnW+9deBO+GZGj69+o/bFyERf/60nStSZdMMzZd9u4LHucqgvnWtovLPAjOlSrMB2mTu89rjzKT9rA=='),
('548757f5e051c3-94829899', 1418156022, 'mkHermzOjJWK07xl88zJVMC67fX9QfI9S9r5RMw+N9IRwJvIw9rwciI/NAHIYhxaIXlr5PyNQYaCK4EuofbSwrscDgrv2KRmDBmW+jaZRHovsAemVTOtrIfE4XV9EclH6JBiDZpg1uNjqLJgVzPxGMyOYC0e2pJPmVozn1WxHeSphRtT7eiP0UY8XmMtDWFnTsZES1aA3JOnxTu2BtORhY2MrcaANBj7oMCqe8PRd78E1eScvlfGNzJkpDKkDy/4ht+iwvRT4SDgi5XBpTwOTsqAkj+FfiHDPH/SH0672Zp44ZXr3rdH85B74TNgRHHvTExDT3eDNuPm/k72lZiMGfWaJe3J5frjmOSfgoTHgU57SVQgxh4QqlJytAwmzbs='),
('548758c1d51282-52906777', 1418156236, 'UJZUgQdAus3U0+tR/6EaXka36QPB6NHxi996nqQYwUCh+zfaaSG/9tizG4rjhYUvpwgy9REVQa5inuLqIa6tpnFXJ0JFCFzL2Jxt51wH6YmBdXUG7ivjUIhBLWfLLk0pa4eI+rQDWo+ONR3MAtKXO9EW/9kkiV/kf++h9pFF0w/PYLAD7sNNO7TVTJnGM92jgz9V5DlEtrdzODl5onml3JZO'),
('54876190aac695-83047434', 1418158486, 'RyNa0Eq5exw4wWgJEjE47k6gqvBlKC9s5Zr6pxOd+XMPzTzkTH9cTm/c32JVFqYvWPzbuOuzYxngyyv1YhR/8hYOCyIs+7lGxWDwKufscvJDzDuAexyZG+9W71dOkHS+/z5Pj4AJGxFklFidpNwXeLioqyaUu8Mi/0P7RZ72Vx0F2vy+4hF8wz60T7HmDt4Z0qu+3Bz7hV/e4itOWqMnmJ+isKwxxs0pGD987IAfIZLFSdizFJxwv3AP39q4QKOYpUW84rTyPlWMPA2tEv/U8hG0iUi6L5ULv4V+Ch+QMibXzO3xd6E8iAS1XNPrGJxjKMv33lEjIow2KAonaZZ7iPqbgfDIM2jvOHT/Cdi0hel2OnQWZH7e/wPt0BUt46w74MVS6JeYVO5fCH5XfPMWv0SPxxQyywpXMD9macgWAvuuQ6cN6D74abaUSgaxjfpxEdFv2+piFz5V2cnoJmB3nklwMAaSYmTb1/3RYoPh/RWlpcaBldFy6lzNyhXj+xOfvGaghHtyRaZ5TsGy0vK6xQ8SI+3zA91MHEUtm1Y3oUBVbWmQq6kwPX61sVICuEpMNNYy44nhFrZHaebLIcLYQ6nCXB71KCJ/H5xR4gj7f76UFIGykKgYgZfPWX+wnyI6gt0+a45Ab+4VZyoZX+frxOnsz0EiQGbXtKskVKBpDQLIs3UVZ8WWBblhNSJldm10nMxOLJzslH0B5WMBDlSQ2lAFFwdR4ykq0g9UYMydNxoTEE7ofoMUWmMFQWsuFz0kKtI9++st1g6dlRDkvlZVZ/OpAk6ud5QJE35kesuQeaTSSUp2luFDqtovfrS8ILdyHmzj6HtbwV5HEkfjPzoCQDKGLMAg6mVGcf3Bg5a4Sto/LB/tk4IOuHZFBVUgT5Fei3bvUH4oJ6iEneWvbaOA/egMfM8jcZ/h54TNKCEjlY/5Plv2IKEaKoa0JRVHgJI/FtVMhiszISxw/QTw/SDvrlrp9JeZNWGvPLqxpvGVRpYtkamKN0BOy991JCuCIHGnawkV+BucFybd6ILAJQn/nRW/zaHTpiVrNZKe0uGPWxfyXAC5uGDRFhUSPxzxme0fH9T6Db/ePvL+lm09/yjreZFaLZTNRyCgZhDI5TAY1lrqkltjqt8UCfo6FZ2j13VuTwflyVdfg+MnPeIscybv0MlaE9kZK+eydRVQcfcHmRMbXCGpAWr4bFh56sjGLpBzeE/M7Hd+idHCyDAHHr2QxGnioSYTFDSjkG0SvHvP+SRGsjLLA3147VfjDorfyXNB9KHVltqCwDW35oY64MYVSdm2wqEQFpFFvqTjtYok0oEBvbU51iLGF7vIrdKtDhPZvBKk4vwtsAcmazowbL0b1ME+1mzBweARfcRkH0QEuuIsOlBmpaBpNMCNoNE+iIwTK9Sw1Nlf6lm2UMOGLf1A5kPQ65f+g9w09TrFYzZ6w0tuKTM8faf3hw3tKSMRu0aNrk+D0slE1gpKFenBb4z2PUCavkWmQkdEzvmQ3LtbnkZA2KSwEaKyaA19dEbDM0TddUpafmsayg7ry3nFccPaNxtQmHOuT55bVr35tzmrL9usMsemvmPcRv4HoUyHj2S8RUDgeWZxqdt0ybcs8Em106lVRuYfEbSHFbEg5bi7Ba9a2305YCG5Z+RTqXg4OOpKjRSwcHWBI/oCLUnpqMwsrZtjBztzy7rDBqdo+HafVukFn+OLBg=='),
('548761e3a8beb1-72863332', 1418158563, 'exNC2OUhcRZfuD7YuGmaP841WwbKX1NThGeH5XQASUKjj1g0Uj0a8MOFD0/Zvn/y6rtZUvzgCkJN5VG5k7QnhddgDhOerSzTEgL07DNe6nBnT0bZ9cjxeKwnrbqTHK1BfA43CDeMPDOQ502DxZBWw16kkywayfMPSIbUIBVLaxURlQNgCBCig9hD9cEjUX7hzhOsS9Du8ahEQV0RkA=='),
('54876301778b04-26751025', 1418158849, '1ESI5rcTdFfgIqk5FGqF0xtHsZUORVZBvnwec/OGYbtUsBXIgeSvLXT4V5RfMyUcBk/RGicUKuIx0CFBp9VWxp/Ki9UnjGUk+t4HZ4DXeOo+mpDSx5AscNZ88L9uI3g4RQgFtw8dSQU3oSe3zg+dhT/BE2oXAHjioi6SgnGDHC6L9cr6K88M0GGbrBpuqL4tCC6mLasp6Q4TVcjzNOQ6kVH9kAYi'),
('5487633213ce80-02575110', 1418158898, 'MzF9qxVfl9zpfY/Rc3TrItQfmaK7S7DstFXxFNeAihMKhrYlqv7ON+XZ7D99P9ILg8NsQEu7gXc2oGqzUDP/Zfb7xgSFXLL3LZIJ9U1y9mA/3B5N6Xz48UUQUfHGxMmdknqIrb54ZAhBfk6Ze6GFTGGlQDU5JX61kujjy8bi1yo0y4lhlD4mUy6XNeK8JiTiPkPFddzzPsDnpwG9TlM23R9V'),
('548763404ef150-32810469', 1418158914, 'J1vP47AtvsgQoQuXMnBLqYEbWHIMr7wg8/yREmWO5/a+OkdauI8k18l+u3nGXLTWN0qBYCVRRykEQ8m7pgj4r5JRAS0+qvuZ8rPt93A4QvIK4A46taR5FM9VPvxofE9yj3LOJuwUo2Nn4vTvQH8zVpUR//GRicRQJ5AqsJajRV/FjFMXjP84vamcGlaiZ8rUphL5zs65i+lbkjfMfTjtBt4='),
('54876376e25378-47982841', 1418158966, 'lkkyoRgPy3BrntLvWHHxOLhFof2aKqn3TbQle1nImaRvyG947ZbakZ7nlrovfAV334gUkebal1kRZem3XMYfzCZwkMl9/GIM3UnSoVVJSKWshbfEPgPyVy/YkJp/UsbtM5y+FhMlEDVIFNTeJppdJwoRoJnykNZWZPVPHBLV8YqALvEmD4ZbmHCMM24lZ0cYexHw2xDXJuEZ5+Zsb3UKLMEAS3g6ZGce'),
('5487638e3cd9d0-44471302', 1418158990, '00ryfapMyxjupZ0ePD2dqNQ3hKr2mnYrpfJPiup2/6/ocLFsOkGztuEQmzIEF/NgtjUaOHMUihbeBSqzx6UE1VAWwFePhSYAM9a+pVN9TEWCICXSyza84pBQR8z0hQTp5FJyBGV0ycoFJkliGZVdyfPrBUyckV2Qz0AAPbUX+FcGagoBQ+CLs8MduJlYwyefhf1B26LGvLYqjChPMNgOgFdAmMM='),
('5487638eac4d25-90629197', 1418158990, 'srcYcCDUL4FWj/iedPNI9hy7iWBMsp+DR37kuhrCVvIudQmGmNPrIaYCNPxdInAPDZkOymd/WST21AYY36OMcjELKlkZMnz9x5GBhyIqz9zkXTZJadMwgfhLdTmQb4TPE9wG2mHTaUTPGJGeKYx8SHK1Rwm3LRz7hlnbDh4c9rJNgjHDyq4TURGsrLeqLUjUSXqCQ2Us9LIl55mY38QO4n+K'),
('548763e5e158c2-97385421', 1418159077, 'JP6wpMuDy9/crJ0fSdB/VODIcu9z9IxSp/cfXjy029PdrCjx9NxhUV6kkSpMS6SJSw3AZzWFyIEhjwKmSXw89kF9457JKEhje7pYBzHVZKs9pzLpVNPLRzxT04LACDzcHuiIF/3X+fGzICwq5X8Ey8lSeJH9HUz25ARo88MwbsfaLx004TuapLQEtUAzTcN1pvc6dTsfHY/P/KE1vD/HvE8WQKZYipn6uqtjcg=='),
('548763fe952821-19354390', 1418159102, 'Lx4ZZrXdxUO2uW8I0iDVZA4yAtv1CbFcQngcblb55JTTdX930xxfWW0VhOBEjkQqEh8bWaZwOUZptOcxbxeJpZQvBvC2kvoixzkh53elbU52YxO2w5JYLAUncCLTIifM+LzzNF/WVemTLRvgc5iujvpbKFFhWMTOGvX+bp57eHwckTKT5tfAjDIUOcYEMnyDwM9V1Wj41ScCfz/uzyUs0o18GHOzWcyeEg8='),
('54876bc0e09008-24454326', 1418161088, 'qlxa/Iipe2KGJje9tbpcUNC9XroNTD9yMTpg5cFFPIOSqVmKZxcYvaclU2fMR6aPnng4J2UkXkJAVTO/bIjGGNpRABtkXt7y1QoViNLD9iNJWl72krHtYw6aKnOWmeiJcUz3qcNqoNqacGV6pWvk9XetQC+HdRrEWhUPu68szZrv4gevO3HvGGaibdwcSR0aRve+FfLJ51avck+0Wg=='),
('54876dccc8ddf9-65409342', 1418161612, 'WI3kccgarwsiK85faz0jnCd+bgrzU/XklHJMkPWSe/q/x0vVRYrrhwFJpNOE93zWC4iJkD8sR1fJtg7mD1sGiU/90FToGqZ2QmqhTz5lYJ6l7ptqL+sVGCcstpE8xqRcc854TyszyGaYjlFgrbSC/m0W5tX3+a4KJ54H6Xt2lIzwnVY8NlmeOrcV8arFlizWiCPBp+c4ysfcPcwk7w=='),
('5487862d23a438-17563928', 1418167853, 'oLGHpFO9UWtellj25CF9cqiYf7DUdS3CAzYl8kpc8ymG6xsx+4WaG4OCU4KFigaCjBmQDRmFOL+hXQqjDwzXnZPmCaNgMtZfjCagSD4urz8jKyG9tWjxSkrs5TNgpUwiPPqmbMuBe2/Bxa2tpLs6OSHwHk64XHGGSraNRfRm0ANbDaIwc+esBf8HqN1gQ60trhCT4DnEwu57+Wg08A=='),
('54878f2fca5d95-12639692', 1418170159, 'D99D3uSvGtvfjFZfcyM+rbmanGq43TiMnsZFmC+0lcoJgWB+V3nxbc5WjOt95EKgpl0SX91cvdZGYoXlXDkcEHyFyKPloETmvJffrNR24bqcKNBUZZxf0Za+W4+FObXGVDHC3DrKF0dMGacBfJgZpnoOIPVbiwRrhnMKNZfDfq+EgtLShVmbuEag5BeszpdhwUOp1wUc+7g9r8XrQg=='),
('5487943f46b071-00932511', 1418171455, 'rp3Nb5UcgsOgHpdg06gD5CEGuYwdUniDkP+oAGd0VuPncnG+tf5MeKidIfk3IJdg9bii+u36wCbNrcfg2DX1/Fnxqq/nYsKgs/j4v27hESWwtRItfuu9IWne/AdgOQVeKquvHaEWNkkuVxt3c2LCeQGWhzDyi3HrJPKRAKRWcrpjudcj9nWjXuHwDZca841N8q0dhGr00otyXEsSyA=='),
('548794c1097215-78617302', 1418171585, '37DLVe2qPD47cOwXUUT/e//QQClNa5oQAu+OqsJ4IZqszlQZyd5DZocFDccGDd3zuGs3sBIySjdzlZBqstIMQzm8BqfQYlW5p1SI654oq4ezHOXGbVBwl/AUNqDwze+VrvTmQSLP2WFYT3H9IuLjARPl9DZ+bvZJh2iLIhPfy5esi8f2JR2yukIi334bK2OwMOpELuRrshN/C308oZ4D9RCQIYFK60tD7V6kdA=='),
('5487965a699405-29206808', 1418171994, 'wH2k2wd005xhc7nY8eQcr0qBG3MlfKoqAah5rrJOyJKqfJf7TDvs9tkg2hSJ0WBC+rDl4OWasIW8g3k8JNpiDY+njbYPNXB+Z8Aa9Wkvb1akxqCvKi8wz83N24uL2Zp9eYz4nXOwE836TmuyNkx6kylvuNtyIUFw5uj0Em7vUJWtVJm9fMB8M0dZ6haISUWicM+w1Hic4+Bd20dr4g=='),
('5487b42374d3e3-97533648', 1418179619, 't++PSeizXrNrutJLCmLI4bRF2c19HBWZ6rpbSmlRmUbRKCP+gW5PzqS81/jIrePy6cy4uFaDXhSaCLzkUpou2S7pYsYBhBYPtlLiSLGyqeX7+40psRMCi+YiwZgfBmeBFBHTSlexCoZCiHoTzjmL2fq8aejAIP8o7/hfHGkpJBn8q3xqZwB/mOanTUi9wG3WVBYzF3LdaoOl0fObmA=='),
('5487b7563f3ff6-42537993', 1418180438, 'ICV1SGQnjt3+GfxZROpmF/6OIYudKjlc0epxFz64Lt6CHvZB/vRBFh0w0dxP8oIFLAy+HfQ8S7oCTspPRfqMRx24Oi5TIHCp8UCOwcDuLnjqHU3IG9QbXjc2w3UGGmJvWrCPbr5sW7UQwnSlYJALF8LHO8hloGbKmIZcNkfh6WVQDo6rOgjHmKLHqQD3JmSwT6bCnYHqPUmh8X19nQ=='),
('5487b91ab00575-03991785', 1418180890, 'DwctlrcMCmLkP0C9xXqbC36zAofv7Jt7OiLm83kiAGDRPOKo5u3YYiMDSJpO3OR9VRSSaETr552tl8x+7VETE2BNVRsgsx7up1SdgyeDeUtNjwHk0RM4e6gfuc96nsyk+QmbhslalBMqNLio99ZXzKNaStvvSSKuvBoIWiC40sb5ZRxZKqj2NBhGVbnjjbJbxTQ/92sscQ8EEm6l0nPFWtU4'),
('5487bb62dcbe72-71653457', 1418181474, 'b56PZKpL28WxDxLZG48UBGzaP3lVMaEwmnuDk/mXPdv12nRFRAMeRcws7tODS92sEFAI1wrrG54RY4VwEW8Z72uOdIHbC7G/xk6zSMGRVZAHgCPR0PNRXzNHEfh+jF6ZkKRIng3cBdpceKqb/pHxKDGUO8sJ5JR0cvBWjslkZuVZ9n27StVbARweZD6kBONAOauP8TJoErg22MtGgw=='),
('5487c0b9c4ed03-02624008', 1418182841, '/FZQeCNhw2DgpX/PLX+HT7oq7qQbvKL1O0CQ1pgEirdjrQkCZuQ+XUIWdI1VHCb0I6/1CkesedWRfberpmK6mdGG+awKMss/qwFX5gp1iGxZZJUV+RsooAwG0EDwT5rxV53HZvog62rN8td+NAAWEB/jU1DEF6RT+0LVHeaqpPKA2RY2QGP9fuBjtIyjA9d5gWWjFVpcZJWS39nabEHh9BE9/0omKyH1xalq2096okf//CJziL6UEPlY7M8p5kQSVhexnW5QEzrCwkjY1I/BDnIXlvUOMNW0abroNrWueQAT/OE3EAFvNxnqNT7R4TPdqYtNqfycM2BL3AfJ5nVxbtQnG5tInLVJXiC4sskGAv6ushgoZJju6L+qImx2FbdG+mkh7xfxzw7HFOTj2hbnlKmw1zIVnbp3ofJrII1C0jB5G+bWMouzNUaUeQ3i31/388I7HpHktfNHymXTHWKw/wKy4QeKyIqXCdYSxZYJMXEAw9SYGRpgvJzXg4LddMoPr3fbaLhdelVKV1yTW87SohtdChM/52G3fG4cpJ+M1TIdbXCio2FOZSenAB6B2xLUxfzf/5UrMClZ1kqL2cJogimyShn3roTxQiw40NidfGOLvNRLrfPHn969U3YeBGsBBHbS9B9Wt08+gG6J+xjGpTk1705r0hV12OfgJ6QQTkc4InhJ0ib2oDWCJQehHTjfA+46a+zlT4v2HvzcwprCijgxxBC2ct0FMtRhy/49rihJk2VGgN9lymPxfKokfQ5W72njQbigpW84RFBjcZ6S/iQL6gJUBRyMRtEBxj6cyGgJO16PNyq6jfh3KkI2B6MeLSHwsYIC3W2JV+Z1MuuHG4SNc8DSGPBUFTNUXn+gOAK5wo7oIdni5wu4RGvntQBzELcrrOaTBn1KL1rpba5CjgBT5iBjPIgM+BYaYg7t3PV898Cy/Vyxo2pkr0NrqtMLAyGmWV7LHmlKDNc0Xn4hXqjJIUiE03/CN6xPdRwN8xa/NOloo3UIaQIwa4cIZBIH78KpogcWstwDgSwAumGG4BhuydI4pylo2dCq7NOcX5GpWvWxXiz7XLPKD4UE0RG/rRMV3M11k/pezTJQrjlVjNE28l82A//j4MC8H32P7zXECT3+GkzGTyKjCFWWyeCFfMj7pTELDKzUYLKnswvnoYvogDChYilGrM9igxJ3SD+aO7vA2Awlc8RH52GPdppbuf90r9m8x+iuJELt2ZZ2lAz5J9CNYEcVKiGV4J9YxXIeU5kcn1sK71RzBA5C2hbNHmlu3VRQX03aa+lmkEeZztWu9rixV82QPnyQbWxYqmQdZhLrjh/EBiQcUqbOao2+sd9sNdjWHm6abwr/Ouuomr6kSd6uCG2bk6xL6KKFOjt0Y40am6/3SHXVHMgwCRygYIo8N66hRr5jL+GTjMFHt7dBtPnGJCfslOlpCT5agwFu5DZzJfTeGQjc1ZZRhdhtwdnDKLSHjYumx2/RV6aeVowA44E9e+xjfuiJcnnYGEgtzLcbwWRsQx0zoI9182scIaMiGVxnkHqnGt/gKSCCnSmVsreMc5nRmXlimRWrTw2uQxZHRltX10tQ99nyBsLkB0o09ewOZitrRxh/0g7fS4EqDga/qyQdDSBn39rXqFJxgUKQAFeiDhFsafIL5mvX4b0lsVMkAR9EsOn1GuqSfFW+PUPTZtyiyCJ5zYu+LLvJ1iRERTsSF2fzu0pcViavltsseHppMMU6pVlOWNc870mpoEH9qWHOSObdglmz9eR5bRWtPsUO8VOBT8wZPh37vPKsSW4SpBSehaG88L1wyb9bXl8beXZucnfDDd0='),
('5487c162306163-42266690', 1418183010, 'CFe0u3OV2qTJ9OpE3iLbjx9FVAgSzgZPzq33u1SHBSlquKciIpOqwxp8JiBq5sAVo9VSzY8yIkQmIq1CF24/HaqcAn1EpsUuJDRzTWZXcQO+AcZHmnPc3OrJlEl1pd54HmMzuNBkzY+9iXaCxh2Y329fdkFbqsi8AeVwmMUTO8OXT9CsH0wy6+1RukqiJBZb+05ZE9rD3Has7KsiKg=='),
('5487c178ca7161-01304740', 1418183032, 'a0cSFwRLcypS8qEV0USbwpI04Xzw6K8QMhjKPapKtFTF33SHfp986eV23fH0aEiYXTGF+IQRoQ9QdAU+h6suX9s3ggiOFldWta45bhP1mLuaPCLxFA8H2Z/kvA+92ZhjZxCfwe0M6aIrDhvDFQNg328ZQMzTw7pRo790eNfOepZ8wZHUuHoyOM+ULEbGfSqYcFhK5LkFSvtYtQ4dLAd3K+B633jmY5JTbRiuweGmHpNUF1B9qbjhLvlwp7WeMQVkszudKDVgIa+48aF5pOrH7gwLG388GmSzAd1Rpon6nViSiA9EGCtFNoH8KSfKqsJCsNbDNKhiyOqewuxEoCqaDwGEw+oaYOaSQd8LiiuewUS58omDefOvVYdF6oeS7D2tRSSW84EYFlcB3amZnEANqV4IGch3MyAqQzDUULHBJJdrHjYMU+4qn6fNISMbu/njD5njtvLLbl9vP9fchnOyA4kkYNdDozFqufDkxja49uCpHZuqO2JsVfjUJ1RmW+CR3bJHxOtNFkO2q8/lcENxk95MTLWQW9wURt6bk5RwJdbjmbLt+WNQAi35M3Ets6ALAIr4VhqVNV/V9VclPT/gq3BcyeFxluQTF0GRN9rsha+ir1BcKI3qT0mp1cnqAVpA8KDIq0Q/Ia9jKVQmznlUEIRfsTIYuwThbDEHP3qytWmVf8R1p2YTtBga2SuPYp9Z0Nlhed4kppmLgXslUjDfgXjwtTHYmvCJAEFX1ZgXJmLb+2yxw/HCIRzkUVktKF3ELg9WwdZBDOo4emCV38zqm95cUyYKxvut3xlNx77/C0wJ+ywK4NpIWeJkw0DIoxNfUNPh2ctx1g8ndakoxzSGze3xOAn+kCpKgTPDIDu9UwfBkM+oRV34el75+nB2ziEfWFA3ODMlLpwtTJjAxsRfMpM14kuJfTnZzL8o4s41ccx9m2Q4Nh5rBF5FSt3BzlZtLAoa/hzB8nFJkPKFA5xFn+7OR8l4ejRjBnEbbxcMRxRPQRcJCF5LPN59iseSvPHk30b50xmYwyyqG6kIDTD2D5XveFAe9D/SobQ7eLhaBiMPYGaELHt6IRficapMiQYwSjzDE6WrBoQdTY6YKKaZ/flDA6kdPIwh47ftl3gD5mRe8c8D9tkjofWFbVunEzgDd39q+v89j7I5KnpbmPZRfPTk3HuLZ0QfL+Y90IlGEwo8B6/LQPZDhRlLZn3A8WZqN8A2BhCfRjK7SCbL2RE/k2EtW5hdagkq0Bpcex53o+qlOHJ2EmvmjJo5m8OCZYp9F6y97WXSzAJo6/W44jvADCNj42T1j/BLQzDHE8azDqU8y/iO/b6LZUElf+WO815+FM/e2FjrJLLzsz2bIGLkQSDyKb0TqruPJbGbzSRvkSAwvPo0jXRSP7rjW2GpbAQku2l3zKGJ4Z/TOfPG5wDHg4kZxn/xqz9z95DpV4irVggqmudxPkR8L4B98jSZs1fOrUWwlYcZQqBG7VI2ciNet549BKEx3gBm3feLmuzCqmhbWM73rn7AixBJ7jT5Zl2ZEQyAIHmfjpfVCqAOf2wAvyyi4qMQAdh0+WqExTSyCb8/mAINNjC1KGiZ4oL6muvRfvuooY+xqd3a3K81J+b0Yv9AjhslaY7hBqRt6/QUjPETBMNAyhlMqb8ltvXnmPYv0i8dMqHwBS/HCeYtUqenNEUAE1oT13Nvjst92JhJLs3qtalohSJieE1moNjsO4NX/hPHWGlJ0L4PaH0rBSY94dnjg7TerGjEyYJOKVapsj6ixAbcuUf7YWZF+SzYLckvW8SMlvpyShDMdK8zHPuZhExsddDYhhTePiXQ'),
('5487c6cdb7f834-78498809', 1418184397, 'LPiTEqTEXWt4moRbloT3Ia+kUjEgmLvKPm7xLtdR/d7X8fjCrI7B0GkzSOjLmvwsjxeZRakn4YcxCyLJvmYWx8cH4lFaybKHIOoZq4RTCcOidTbMJWcER1GhtsJOeeQ+soG5K9oHe+epbVSn8j7JFBpNdfgfXRg3mcx3JucfhBbzmfeql5yChWync5020UJwElCFfMW8FJWu8JA2pCMdO33vjCG6nuv5Od2C/+c='),
('5487cedc8e8df5-52081904', 1418186460, 'axzAu6ZPZ+7H3GHAFzwApneioLC7jG+I2Uccji0ZifYp+8ssShOBiUDCEcEUNkKvGZ1rhyYi2ZI0X4YotIQj//hJHeSD4HSPMafTie0FkuQi2LAkSHUQqj48ovbfEBws+vRGj6QIVUcsQbZIvHk6iN1SorsJxQd7HiLFtJwigJXB1aYqz3V5lmasXNrNZEciHx38vvZwhRdEw9H2Hg=='),
('5487dca9004c83-14812202', 1418189993, 'bDRN+hwa+RNgGQWKvfewU93v5snkL68WNmkBgxwu7Z7y6wIH+WSJJ3PUfQHY+tIpM8u3nuwQ904s0V9dd0AJ/WKGSO+gUpjA//d2nUIDYw5fB7H6wUedVGbCmrkvTfvMFD+YqDPtRepumP4f8ztvTSV0UFcZADMyuU410MYgjccc9XX5Xt0LESiVzWxfv5ceGomao1AWmJKoQFUA9A=='),
('5487e3dcd89638-26187870', 1418191836, 'dree55UrDYnPWgPuEilnJxSPlilwGAZKhO2GLlOupkOcbZ+xuuczJriGTgnwX4Vdpkxo14Vh3S4nnJ8CfnH9x/AtxD/Fo3/f34enQsQRQz+PBHFTkYoFSvH6hspWhFhifBjaI/si8dO4/gSPdvu3te3t1llkBl3cTaNaUQ=='),
('5487ea429a8cd3-85348734', 1418193474, 'pJWqrcK09az4MTWQR2Q1yOvY/pNCk5cifjjO/vujnPGyo132HWwwLW2jslnrFV3ZeHv6Gn6JhsIOayX0ZkdLkj1rMZYoUlf/MoQxEMsov5whKopMxqFNrBCAnqHlEB0c/HceKGrT1229S0jlDOYJYWUamiabgufRiEjh81F9Uk9bVDk0zXoQqE4HOKJSekjdnUqAI0awINu/V7/oeQ=='),
('5487eba8830157-58431415', 1418193832, 'Q+5S9tJIdyPMueDG1el37NQsFhq31Ypb1Z+6K+b08eAFLLDBRiguKhgGwODEXn9iXWVfrKsLXm9AR3ISuvDrAdv5RM6WHihhyhqKBfkgDe5C04CoTrsnI4jurFUoXO/SlShrGBccXgjPgkZ4t2pB/jzU9sMIwDC+1N1rjxSCE4iDGLxF3piLUA1ePwWh6LF7w9EWEhsge54vKXppvA=='),
('5487ee560aa4e2-03009654', 1418194518, 't08GF2f2JPGIdA2l4Nq2g73MWdpvdscwlSg0Xiz5bnNURatPaHw232dQMsg89t+Y0GiqRv7Sf8lXX9qC0kUupfMo4UQ/23lJU4zwPFANiUXBZYbkbbr/0BHVPQJZiGSWdgiw+WHWoBkSaW2kHdIeDyEiTvvTGWNf5TKLqw=='),
('5487ee5698f179-33316232', 1418194518, 'Ee3/3esFE/XV+G+hvmBCysDx6QF10+uD+gf267FtgBtKBJXsTEpFOPy7h4uuaiFnc0KbYkxgjprfhBjPMTqDQ2rtDiRjcWMFh7xyqwq6EkGv1AMX83UlkZJk7EG/XJnKmhN1R5aEVC1efcyhribhnMaTCSYkpso0seH2x4LHlKqSYkcSHrs8j5uTRvS/hvzzzqUtYDXmLsLq//Unxg=='),
('5487efd981ef14-46688351', 1418194905, '/wKdzcT/LZ92sR+hFZ+GkXWCBpwsjHFz2xp73B/9vX8QzDH40HEGkWdzCqwLc7afMhLnbbXnz/DlN+ZbjzCHM+BvlljgKVQBYNkqX3dMfaieeplv25m87NMQ0mfoyixuoVra7uUtiSiFXGukpSbaGqA7Aro6phARYPihLw=='),
('5487f8ede776d9-96494699', 1418197229, 'GXFvtmbdMDFDPdGn4bEOsWC2q9tYvZwk6a6N62VHgWesRKabNKsyva4pZobkOlkEwakGfRUFcXQTXaVMuzxZtKRkw1OA0Hkwi5SGVth6qrHmQ8mcUeb0LDFBwmhtNhXaS5Nfz528b/uBvpn25l9pul9HBz0hQ0LO1qnmFg=='),
('5487ff1b1b7b23-11577654', 1418198838, 'anN9lMOQ+FWixrG5qcXG+fmnfZiCCl/TJmKvNd1yh82Ido+gYcTU+o0IVQT5aVJ+EqgA2i0TmuceUy+TTPK/nYbxce7dbBUse6ERr6uDIiD0OydSGVavLSslzKGUNP5G8fl/hWa2GmK9GvPBR3YtkT5VAzfJ9ZcIvJ1mJ7zevlU6gelgzLEDhNRse9VI+JAj7t81ariMVvzNMab/EGDwZea0edq3sg7w'),
('5487ff1b76bf60-66710161', 1418198811, 't7JJOs/J8mv1xZALOBVDFXdzoOYBZ6HlArZ5wWGHT1UgEvPkxc8toEkWbQEubFYsV7Ehn6n9ACsYgtBTcUa5YD9zGLBv0jpZje8ctYtXEt/vI+JexcQbockrIq3Zuiec+pKycbwohDa8DOKbb3l3aWKXf1wykU5USQWgdg=='),
('548803c0b65d29-34456244', 1418200015, 'ygOpi5j+J01qASu0NkYMpVb+62oG16LR57q3uC2qjXq9uA33DuKj4vvPEhgo51WREDFOUjjOLCo8jkyPiX59YrWt/MhLtWAM2wOQHC6vRLetWpU3bMzeSZIoVE2Xq5By1LD+d1rUzmyhb9BgiCodA+qPCxpVRNFCzfS/z+vrMrVwqvCgxoaIZ0MbzbUAAyE3a4QohIPEcZKfRcpPPlVR7iusvlzRhEsd25p+4g=='),
('548808b9acb6e6-10649122', 1418201273, 'Z3zFPF4zgf5CtrwzHoz7KGCwRr3ff4/UEpCUGp/l+kJjpw9A7TqXedWdbIi9aaNzDIX10TQj//4ibt/iY8WLZaLiQntAR1ab/ThvF8XlK4hBqfwHGTBiv6MZE94S6v9YSEoolsbvvNNRA5nCxievtQ2uwJQPshcu3NGdFQ=='),
('548808ba979773-01115264', 1418201274, 'oymKak3PKHASmmdSmrX8C0Z/Qv/EZjhp6FUwz3g3Uls5qVnU/ld6f5fDx01QD0ELwNVukP/ZkHLIYtlnE3TBYV6VYOKlBv2rWCZYrTG+npflwfDW/gKx+KE4ZTMqW2nQTDoWpaoo4+j9Y/esT8rMc9xmozrWYZMi9XKMrg=='),
('548808bb3ce0b4-75022894', 1418201275, '92+MgvUTWxpomXzMymggi+a5Hy6i7jzXOK1hJJMZPWlaADFalEotJnObk8SxyRPEU50/a1O2pDH7SrqWUoIvhTyvIExQ5E2DBvRhA9PixfaQRygPQF1B3jQg+IZ3wCWsRMUKmhUFzxHHvQXYfNjFElcCrL3+3AN1EGgp7211Ia4YIYriTmMNAYLgE0tPoT0NlaCeHwv3tVqTjnNIYA=='),
('54880af1b877c7-15050858', 1418201866, 'jV1woGv7mqZgRsGoXeKYjm5XxvLmOI/R6d3dYs36Sdio3DzYkP+PBCU040HyNXrOJgfirBP/FDTgnWR3knkIx+NJOkvecKhlJvlM5fORL6jMDD4+JhkRqAhhACDhK/ZfU4iqE8B96TkMfUsGNwNQANpCmMrIFZFfyITNXsQA60t8QDU/0UHC8U5utDiGu13QicTxYL+zEOFpqrbCzNOLX9WhqdYIJXnjmcBu'),
('54880d45d6d3a0-81034746', 1418202437, 'bTgQwY4k1IJA+/p4zNcyny5bPNoj/j0qA+FoikqZEI1kh5ObJIg12qbk0UGR0Ol3L47nhaJY9NtKEshDTCEfLuEMGHNfd0sFQu1PrzHHADPio1lsFw+12tO4EJU0MnEax/pkzGzXUBevzHHjddzMstzBZQq9jit7Ob3SLARRLu5dK4bKhJ1tiocaONFu9paHHFEA41BcqJyKzWQUjw=='),
('5488166a5320d0-41922022', 1418204778, 'pBXVKUr/gFXPEXh7M1jx61H8L6spB1Sd6BVSs1g4FF2QzvXSbKrYixhNvkygp5NnoOxbrZ3y99e80ghwBp/t5sviToGl/04pPH9mmBsD89bnTga8or04nqkcAFIh414mcfdX5dUXt/qk7Csq8CFCZkCBSp06cnvFMEctM2yoNnIIcDqStNRWVEJyGRbtl5Hfpg9sPKV0oBhtfmkMgA=='),
('548470de1b5671-77986549', 1418147128, 'nvDBidKXPXPIt30aYK9XntxQtg45Z3hBmygIE/iwwY2qJv6lxp/zopK5kXzV1m/ZEAr4jTx9j1MXtVs+MPAm5rILAKA2UYQDTwIWs36Fd7zGMwTluQV/H8GZvqHeepiOOyJfCvK/OG/QePa6fS2pArG8cKRw33YfB8IPNHowrK8Hd1QGfSFRSeGiAMtfJpIW4El9AumBcfWo/K2DiYYGDT1ioQf3MeZS7BB0pexhZ2JZ3MySshljMN4NWRNfCEcp5E7YTnXv7f55A8C0LaM0OU9ou7Z6u25bzujXlqfxf7H1AELjbodX6aUn6hAsBrmMabJUtl/+Xehelrm0eRJPig7ockm86AhIzUPJgNDVT87nKUUWyPXZgsVMjofgBmg+cjtsyNWO2LVVO5I/Ar3P1NjKTZbOF8rZkB+I4OJzFe7UioLCdaFnwiQLDKu2u7o5kzIn8GpPf7/lp4iXerZ1p+893njhgR3S5aphKKgGGemXAMkxgeGkL50NWs4yzkIOxXNXyWlpqf4Uc6+NDVhukjHrImW/T7didVPxgtXvswu5hHvV1TdL4d0ZCksXpUBNoaWo8qyV4uujfHf0wbtLE4wZ1pwKci2IFXEpiObU2EAU2EXbZf+4fe7gVGlwjWUfSE5ieDUOb8Pk4eHHi0gkuxFD2U4Cok185SYf0ZbfaJDbJtOEe5XqI5Sg6+BI6tM+oRDeKSx13QhC/j264uWLxEykTK9v9hC83cKFI8ZWtzyAxl+jQ99sK1pSYLCM5a4FOqS0KP488k8aTlycTSaKZQHe9t0+66AiAvgUnPv39K53iIoMV6EQUQ97MQakIaQEVtmpetpAtUvPiXpdzCjFdZmUFq/w4LnDPL0/+0OJdEaq970ZmlhNclcig5u9I5tP0Yt8XzJPmbmUEzniRLcS/Oy1HvX0QWykY9y4Q/2X8c+x0tOwMJwds36WzhZ6Mtg0UB29sAzAKBEc3xqqKOh8nXxxLPZVejnCMllmXxloZeImkyHSenIilzWCEa++e9+DKocLHMau+kmg4szjC2prKmZjGXtr2UUkyWISkU1UHX4K5N2DXa5PMghbKbTeVr8XmKJYoq+bvXvKK9yNwck7Wz6zSon/i9QKjW+XnhVlp4uw0E3odZBk81z9xkGj02Tz/+/Ysyog5HkMAFLj71hOf1gkXpwjQ7Dcb66H5nKuzh7IoZXAJW0DHD2kcmENNxYIZfSs8ubNvh+gtaRPtLiE3PR14raNjfJeVl3V9u+/ZBIX110wpE+biqVIOEOkpLIkC+T3rhEHuaAA5Wh7oT7iz5fES/Z1J53Vmk8DD3SApz1BDojN8zEl1K3B7cXPFcmLOq16m+NHGjBC/XvS9QVATTqVhSJCtT3bGDD3SYyD7hh0JLMNXW+xymOGuRy2nzJhenj3bi/ktK+j8kG666GS2G8fsuLNZLPGepgQjHPVkoe0wiAqZJOMvepjaJaeqKepU6ZzUF1hufzj9IoJ8HuaRL5fpFT6gvvQRi+RA7m+lF2tPatjT5xwXaIqW+jepKS7+EBZmtl2J4YyE9rpUJyfe6AO3zDo+Ix5ciUsApxso64jlzulJeFW/UANIsb+pnWcb0kUwcMHCfZriee+hsP2keURXiPFO71Z/JW/u5dsc3NIlkkCLg=='),
('5487135d127157-80011154', 1418138469, 'zIzXJ8HJEzRrhTlQ96Wy3R3Frmb7x37Xpf7oSlr/fH74MKIiD/tREWUd3mg45JpU5CUs7VD9K4NCEtYUh2dCPmpHNc6izTOH2ffgog2HIC44/Yz3++E9oF+XOnAnuPS2DpSi9FOFHY/KzuM7Ko8bgsqU85Dk4qO3r1RiKvWL3ppPFIJC3lNY0K9HxnFAH5517yLnAXN9FD2U67s5XdSkSO17fuGaqjy4dm6eK1qAgjQkM3jBrbzf2nbapR2Gjy+iqVCi/Hk6HTGlk3oAbSy/LEAcWdo0cTm0hKdWP5NHcyDzX6zhScO+PmqiE0Y9/WGKFiaJ3eL6X1X6SM27nqn6ZCTHdXKzGE4dsql3T8IRaa5UF6/xlEuFMo2grG0atfs5CeScrAEh0lmfuf+UrUhV0MJFFyoqsSsrSJAN//+HdtyW+6sysRa44AXSfsOo+5hP+pJ5VEbyJYe1GFWB8Yaaj5ya8Sl7hviuCpuOJaH13f3ifI4KPwxraNv8IvlytSLGrCAwurb4/KWSC/ZQewPMUxfEA6m/S6pcX7yjzFHXe5ssYRFsE6V/+ej1aJjVkSC8HSxgynzXrNxCeozGNKqGRg7LttvkwkYDfWBauebkxc4M7BHSttFsWK4Edk26lnQy8f6Ip9OL4bvC97caBhNRst8aeFOqMZzG/t7hZVqKBk2iUadHxQ+O2EBLdwA9J5Zi6fk4EzTI/Wg0g8hbOQY2iBpGBitaKnfDyvuzpe9JsT8MZ5bKFfiGUi6Ld3Bj99RAUXkq++bgKIiiw1oQTtHsn51B8lMoh1j/le1klwJz7WeCQ2WAg8NHI9nKTXnSYlrWK3DmgQkdk9f9bTdaJtApdfDi0WZ1VqkeqVHEJrNx1BGBMbXTPiqreEtaVBqprs6ft9AUfhZ4xFEPtaxK0SjiVHZ96vsCfEaFYIUFodw9RDr1SlqoKvq1xl5z4NnLsFumuINLDxMP6ulCE4GQnfMOIbgV86xzN73v57A5vJmd3EZzhwfkE6k/iET8xSjcJGZh1CF1FFm4jiRF8It3+y5mqfP/MJtIdW5uPa+uxQK1nfYgm4f50Je4S8zIZKIrTQ69WIN+WTsPSDdr1GeGxCf2u6W2KxljUILQc4adsb9IOBlQFYo/zJX+86Fw4Vq96Vwra6PrvktOI5YSsfsyNgXUUuZQ4cyO/+ZaNsps0gKsAoOk0o22szVsd04jQrcLbHXzRZe172xdMOmf9gdCOB6JuVcZgkbnzuvJPXCCd6vayEYtKxUB8OSeZTeHaT2YGfTSgalhYZalOIc6dGr5jj6AnnFRdRi6/u6hwltLmmOuF8M33R6H/a5IA9uckaNdRugu5giAfNoy1hNYchaGVbh69c7DsEVE5NTJwSLJdeP4ZAPFBMDwoNCUKAE7P0pEZcZW81c+ItVTPHLa799f1dasCPGVIXRQUa81Ten9p2fnCG/Dx8zfJHwOJGuAoPw+hvFxnX9MTWmw8cEFagSC5swDMlMfvdHjo4WOth4='),
('5487138c40ed49-90880627', 1418138508, '5XEr9IInWsB0UZBuLrLvOaLRes/6d0d1rF04eFcTdRUDPhqI0H/2FWBV1ezE4NXrCJI41BXsPstqxKi//RLCddUzQd8W5Yv+FiDidajgRA3zSvrchh6MySLLqjTHTH6aUmfE2Ypj6YLmloaPyJbcRPTBsqvpSF7RiJPfmoDBjsNG/eGmWq3BOSrplBvQAMnaLLMTt/U3QFUw49bnNwWCfjse'),
('54871422f25560-25643252', 1418138659, 'jBrejcyDCStcRiNnSYpVK6uzkJ5lnWq19aW8YpziNCGyFRw2pj1C5O6yxHPL84zfhcQf49IsdqEJJuvgN9TTq7vJzYRRa8QW4W6TtMs+Ue2Y29fooPKszUiWLqwhgL9K7GK1zgxcR9etUctUm0rPtff8OmxNNhdXHiCV52vAnuR81+oJa+GN/W6PFRI9TMayC1vKNscKxhJuoWJaWg=='),
('548714f4b96e12-51968691', 1418138868, 'Vl1hGS70s5E9MoGFSbwdB70PP0AzCNKUX8EHrt/FkKoa9PNf7YCqcQxzTl8EH85H7BuWTvp6FMux8ilZggCOFRZXXyrKUXuC7B94Q5go4n5oQgzBUP7Tqrj9zlgrKVogEtAi1Q5MgppIKdd7J+LikkMWuuZfj4SyiM37lvqIWY6Ebru8iiWH03a3XyNuAdHc3OPDGfG92l6cSHW+AA=='),
('548716a2463206-82553082', 1418139299, 'fWI8JxUqe16DWyVWIjFvCv0E9ytTOknr2+S+zzQ246RnuaBHDrRHsgav6r19WS619+sEoDe3M3xRd/aDh+jas68XvrCK7mtL2fH03wqoPEh41khIiXxcHRllAOf8aiGhjUtYh8/W8BuY3zKJpIU7WG2FU1ykGV/IHKUCTblT4wbkK4pWINHif0OCVkpGNOvThgWI2nIV31p4rAhIpZOUGvExvvYGyOkSD3wGUE8spdvYmKlUnGRTCGy70O3mc40v/uTC4aoXbDZYFabmEQJ6zfSMsBbhNWdA1df59FFWX2qbGsX3KLQqtkAvUx2ZkIElcwNZMH7sEzeIwV1OKupc6SpvF/Vj9bWjo3iHPdBz8X9T3JOqFClUueXFeT/7RX1TxIZxmg=='),
('54871853b912a5-04874260', 1418139731, 'bHNgJQ52qRQxfD0dhci7e5//nsAajLNEm/dVFecXcKkkNWW1ZiLPb/gLiYNdAyA3VJCHumuKYKpU2D0fB4ZR8Zf4oC6OsDN2FjrAmWBsNseYsEWNWtiAW7cWlYHEoUv0J0V+bsLF7SUugLmV+YK9UfecKol3YE2ROSJSLA=='),
('5487261ed9d103-66810661', 1418143262, 'g1FKTutSOvurTBtIcX45FsxkhwmK/boYgvNLV51dK4lfIl8ASRBgCKPQosRbQbDQqm0lcnRnLI548KFbmO+uARLL8XkJOqguNf7oO8gHjetTCYL2FQ4dkXRYMpUI1ORtnTtEGxtbPUw6SFC9FkPIu4UX8ZzjMZrFZ8O/ehWK+x8qO5fCegejWPe2HL/5LY3ltEag1YqsAKNvaQPIKg=='),
('548726c8ad8705-36404503', 1418143432, '8x4yQIGh/dfnwhPV0QNHuG2jWg8GNNDsmzGD+IYMQe/JNq7En5Y/z5LMurBhI743WKusMsNwIyMz0UQyvStYDklNHVo8ZavQSuO/Mp2rfyuElkkPXRclJPYJWhRHP5RLPQpeQAaxbPloHtfnwPc1P43X+GCi0uoajzpwUw=='),
('548726cebd1a23-16618475', 1418143438, 'wiSwWIcynwR5eQBFiMo26m3pStdtLmMbLBoHN0U0UUmYKiRJi7GdNP6oWV34bHGhn7qHw48QCvFTt4c2fHZ0t4aa7Wq0gV9YzKAYDKPbyCqmB0xtmat5u+APgeAqX461VHm83GNOrJ62NRQ7DxpnlUX+JzWpnP5T84r497xz27GNjMGnGLyP0SbVcJBOfHPQEalsd+f8FNzM5XrazaZNMuQei79XeZDI'),
('54872763be5c76-55198394', 1418143587, 'wqOx2W9ZWepOrQOvHfU/vy6IgU300RxO4kzN36a7964VkmtwXn1mfSyTvYIzZbokFbZuF5DkH898pqmIoxoEqPKQsP18koZaJqVfjzjzVbH/kvZ3IyCqEbz4utMvkkQT6JCXHittqGmeC87J3HSnBzQzLlgl622mzWoof3+5ygL51bmSRnDisy3/jFZp0Mi7GilDWwWxZDxhZCeFRjKh68v01W0UMVTAUNyplg=='),
('548728b059ee79-11286548', 1418143920, 'baBnSK8uEtBeryloKM7jj6mUwCTKK0lUKwYZyO+ZbdWgmRE3Q0HqeyX/+nnDBVTtC4GjjaRSnvDg1aiB0LAP/n0whswIJXIMxLVkSAcIUmu+pQWvhFWisS1kN3NwHf3ZYYF/FWlcx+5srL3VGiRXkp1gWkJh5cbEekSmPQ=='),
('548728b2dd0f69-76884584', 1418143922, 'kU0VhDobZj2NOBxfy/CvVRM9l4sCanMgDSfu7pINAF2GgTnJXfxrjs72Th7Eh3XMc36SYcLOg1RvaikmC64Z31VyaeOlkpHiwkINAXAXlmwRFwxP3niwvJnyGRr496x1b0a8o+HRCfmcNepHf6dVclKbx1pXDYImB+xYFQ=='),
('548728b374c107-11324130', 1418143923, 'brxfWyPZ/nSES175WByx/q7OGXn/9+oiVwxEz0vdsB0riP+BVFhgDKmIHHwd5+r+7ZoxzyTE6JUceigLbeZAQyE49pM64w8mPiyMQUFfl9Zqx6yDRRaSyHfGUn1lmwy1Hyzejp4w7P8kQyRquIgtRjohDatnY9jKuEieQO3ENlEM46qv3I7xd4k2PuT3M8qCWfEupsUwMx4vmPdXJg=='),
('54872fd0cd3d76-35866793', 1418145744, 'rvXcdY87K+RNtD6vRMVrjVi+t65vd2LLO77uqJ+EgU6hcLEJtYWlMg8mpeX320whEOeN6jmfaUAY4DGHh9wcOta9ZFBtwjYunfAJys+2Rh9T/81qhVLAbRVvggExAlCm/Jn5e5td+h/fpvte5oRzUFYO4NYnrfFH/xF2ak43fh0313MHNYX2tPGCb5yAx4xIXmQwhTdeDVYGOGEdXQ=='),
('54873004de1ca0-92037894', 1418145796, 'qCfIEEvASD9Po27IOc1eLMF/qd8qJd+bnXH1z/7kYtZtu1eglvK8tgYIQ7AF26FUPnBqJKTKqD0sd1b8on/x189yaZhykKVKl0F2kVW/2crwX2peLX4upb4KEegvGE1I516lmtxgcq1et6nDktz6mOPpfIkuL4+YwKEK40jBdV8+PkyTLIvGliSlI3wKDqtljPyeQoVnAikKajnm5w=='),
('548738e3baa818-07351235', 1418148090, 'QZrBzfde/1PR6mfQlfJoCgihVwt+Ej0FZBsdLCSaukT09mShIZB80li1bhD4aW9UAzw6Vp4L9L+aSCEWOenOhIn1zoQZ7b8OKNkQpdclbTCeg3G1mfLHBvKKTVBWcO1uvEfOlvJHh3cq79AYC3feD8ruUlxfwUgjedKSNB3CwwUkkQ7qVMrD/B47E4U4AwuPn61k71E6Rs6c7eOyV3Rl8npvq8G7nlsR47P07015XSHMvTT7/kaqZid8keFlb8Fi80IH29pXmlu9xhWp9JjiH451uA1a8fPB4MdUBnDF+XzZ5vUtM9o0fJWZgxEsDkiGajtbMeFB9pAzhlP4vOQY2LRUG+ttX3zpKhkjL0vB'),
('54873969d46cb5-45623245', 1418148205, 'xTaCVYZxm0BozjKdZ372wWek00gRx8/Puvw/GFtdHnesv8uxtRH9i2HNN5nkUEDOAOPQRIEWERb4UIXjuSriRBwWXV4ZC9OV3XtEGmluqfzP46ZTVOElIL3mazbgBhNV7s1oU5APUXAJ1Sbiv8hAsGFKiiCCU19dlr/q31qbm7nCabodkDzQaaSIS+ZtvB1HDxcfBLFfE0REOpDG/Dk9LlNHeN6JGd0YOmSkBvonL0qwy9IEim3J7l5gZIiBagkv1zw2Lt4wbp8CIROybeXtwezv94h56FdF0P0tZ6+shHohoCxDSb9zjak2c0uEe0y7oddfd46bU2CnGDSrveFOleeM2g2gMF4MeKbREDPJFqZS6RqmAIq1U7U='),
('54873e0a807844-71209514', 1418149386, 'O5vHy3eA1ZamcTOpns1CcA7FxYgsq338gSRcuh/QjpXzXP+Rcb4KaGLKex2vDKQHE62O+8k16MVzEEoW9/YyPS/iKOjWpCEa2tiMuV99PALknkksyIKF+RtSeAt80S6tI71MfWy4nDqSfO8+QWZlKIeoykk0SzcBSjT7OBliKv9HUfd0WRtGd2haCimXjxr2JwLCBiagcNKpX0fv/g=='),
('54873f3999cab3-23157051', 1418149689, 'AIfrvq1w7uU/iomaFW9bUqv1As26Qhpb3CF4174xYxDiV+j1qe5VuNs3zyuHFZ0S+vqxGZ+6sIeQj4+kB2lgvhG9IOXC7WdTWm1Y6CsKuBUcLU3WkzWZyqeoPXNCfBpLVzwOBFWcfwkHsQvpkea//JqwyaiL9bq+Yl4EzvCqlJPppS5nPE5T0wJpp6UPb+uWP1h0HqP6+oG8xlxodg=='),
('54874d1b569413-88821530', 1418153243, 'iSGZbZCxvML2ONGfosX3L7GRX7pck1cEOVqpYqQ6D3XaXepTHfaCQ9OVN4wqeXkNCOn1HQ435kqRjIY0MoIKywiHSgK6gqF2hMJqisQgUmlYDD/asM+8qlCF/AyAUzPDUgiA2jOphr7GejS6dlTL9ntsSAU3it1GoyhnmCUMCRS+aINVdQ3ua1/125yv6rL2lCIDb3Es46ApcixMWErMaHoLSFaMjfzMZcGmLj40MiG5DZg2asoqvBCy1rnH1T4uCMI+MEHXBKsFnS66CFUZcDAErc4jyspdOAtkhG1EuOvn3MldjYt8AfsR0r2o2QBcc6UoW5n1vFnxwUX0dvu5jrrHA0wk7b0tvEB3x6M53cZMHcfvr8L7V2rwIyyhl0E='),
('54870c85f33402-10813060', 1418136710, 'b+TGM8L0KJNWc+9yKlsICnSYyTJbNjsGs/v/9hZXM1OuFpwIkKFtJHX1oQpBLS68pEFDKPHDHkv3S+CIAA48DHE6FYgf/5TSnxd1BdxTOb+hE8nP6/4U5MW4tBndUoWYrNnlxucGc6AONRdRqUBpm5ipjVODRnVSm1DAAg=='),
('54870c881267b4-49652109', 1418136712, '6/PM8BWiDsmbvU7fwuiw4h15T3/nu4dO9GFWBW9A3hKAL7bPPHPQR8W75mC352KodEP7QJSaHGetFOD3bhppK0Yf/wqdL6ZY1+DHTDyjPM7+o198IwVFkXsIal/VMgwC8tjdNo7yQS2TBdJVoj8zg67V6LYY9dNvKMS93ngPtSI7eZ2YQ2W50TtLPFimUayA5FWSKJlCF97hjOzyrLkeKboXO1ecy76s2rgo+/0mNz5zMthaMhkMb9e21+brTDItw9XdJv0P1lm2aupQIvHyK7uVoikqznFxJ9qJEPbR'),
('54870c6969ccb4-43471390', 1418136681, 'LW/Md7CbsH/gMU62wKoGu5caj8tqNQuWWcoq1aa5Jd2WP2RqLGIxTHKF/rw4zo9jBXhLQGlxK7QBJB8/F4zV6xFQNj1ep2PJWpBZeNdvqvyF5nVvKTSPvEKsVR5w/9ZkUWlQLCFRrPxrAckg9h+A+lZbsE+swgSXrGjVEA5d+I+XM6P0Aq/aimrfqRgnLni3xkspfX7SO64kfdlDeA=='),
('54870a9a91f523-64404864', 1418136218, 'x1v1pVDib9QI0viDGMUueVluJC8HV/2kxoxrEdb8HXb6dfwN0rFq0sAsJIXf1068oQ0c8Sgh/hU38XgoTropc9WXXAxh7rmClOc9ADaWszlR3oubQ6oIwk1qd+Hf+IhPvfA/53XZTDmuILw49OUc+9KW75RvvjujhpysKqEeH/e41Hccvv4x8bLEHijzYzH45GLMuZXWlXPw3O5RkQ=='),
('54870928cf55c0-80774405', 1418135848, 'dDCkLrLop/n3w3WWmhMxYzF3m0+Le0jEcimGvcQi0sxPrqN1f9EJ6IPM4Ba735xCvz9EreVzDgud//3C14b5fsdQwbhTEJfc+bbaizJ00JRbU5UG9AP3qCcEZEbLVpRP/KeakDi9UeNHe71AfCUy+obDvfY6RGQJYL0yoZ2bwiRsI4v6g3yIhMAZ4Un+sNURfhuJVNJ/InuUJMe59IZMglebo8a8JRIq12zKXquumLYnHi50DyruiG0FxLZOOeXFSuYp1QyIGLap+Y3HP7LvhAtjnstY0793Xxdv3i+b5Ex2uSIhf0ropoFR5xWxfRPRNCBYjieXuTVquiTbkr9y6YFUQE8N++h77nqxqXhsrDgeZ0T3dP5BMjM+mKxTsnoMytFytCb7lddR5k/UQP+AkZnNWXhItpDYjAX8j1YWF9x11a9B5x+2ypMl8zNyPhN72aB6eq1Jv3xYrAd3rx60JR1mrhfQLh9lsM2d3KlbT3gqIrDS8ESsByGBl20Y/rclcLkVaaUqnw8Ur/7ihSBu5ax89p9q146j5MzytDfnm/E/4FOZFUhM+jFeVEZgwspqgbe/ELkmscO3s3CqkrA22hPf5qFckpPdfAw9bOG+F6v8KgXk32WyhaeFQ+JqwAO+3D9cq0vYBHP4wzV0H9+SeB9jJe53zwfxBn+WwOAZ8ly4JfODlm694Gm2G7vEpYjH7LK57Gy6iscSL2mF3QGA3+1MwSvE/eK+d8dLuBVSHTMr5Qvof6tRPiP0Gi21lWxJ1c6LfZeebPEGjxKTrmj9FYswG4kmwO5NnMArEQggCY6wDfsvHys8OrEXTf3OVNu654dN+S3rulZzj01APz11/3vHakhJR1vljsaYjvZoiYmVd/Mbif2jQtgEUjV/ui35TTuJpL190UOnHnqDwqNZLcQwIVN0HUaLGLdXBO1sGCgtCK5bFkIGalpWS4MqraUcRecnaePH7WQsZ3+Vs8e3K59h/2fDVyb2czKVeTrjNJvQBrJabmiOVccVAGtG3+/vcspJzITP1yQQQVrymUQ9zuZEz6PEKWeLaRRdgk2CRj26/0N1UoIjOx518ch+psUYAHBWblzqEADx7Wl0P5BwMjZNLLfo4wtICmA8ywPSUYkrc5cexjWhlQxBY0tmAiX10kH5cua0j07CRptKtdClYuJyHOmSn205XwAVxA8+HI2T1Mq2aqQzkqH+F/RNzCVqlgxRjOw0sMz3wtYK8KUH44gkEnUg7StzrnOukQzjfffKZl1hpidmwymkfkIpYEugWm0E/NYEVI0mXqDFZKHh2qNDdXKNJ80ukD/Zqy3qWXQzCtMbgyUL4qoPPp0GONGexmr/ANc9MzxoWVjCk85AIpRq/opQoF5RnVnvGvjVuWwPhKaMMjuJKeDGpHUeR8/eAmwQSVIOzDMb777c6O+Y2w8Cf97AeVNQ/G3lSscP4ZggTiJeb0GcWxCDCLwVEOVzld39E95SJYRR/i87GpCoPc2vDgP8wUe4PQQ0zmLjQs2bzSPBEiqrA5Izj+bogdpAyU1mQyMibiN/4dkGxFHG5nywwu0VyoMZI6cQGiG0XIb4UPgw036Mi0aPfpU3fx77cnla9QstYfi+tzsUviIOP30n6OT2caC23nSMjchoUxoTm9qszKiVh7dAv12JoqVKuscXuASrZuFftcJJ41d5uiBkooSaq74G4rrqx3swGUG70a6pB8gl3vlYVqdlDqJwV3fR45EivJBTp7Y27FrBctrmPANSCPohVqyKewQ7/Ulpe9agjxR8+CPbwhAhFGp1cwk9G14W'),
('5486f8cac221e1-37749822', 1418131658, '+1KjNqhUVzOzsvEQjqG6gwT5DRELLpUMARbMikq9h0CH/SyHNG8Ti/RCi+3pOOx10P29ZgVO+jLCFxWDsA0sllU6lRdIggmhT9bA+JVPVqZXxSseMLKRNyVb8Et6Lc1tclWYJS5KE8tFdfbuV3c/O5puzKJJ1fB+FiVOOg=='),
('5486f8cd48c844-10542856', 1418131661, 'W34kfl3kY3mfI8KYTzABViGCRBb9HKk2kW8WdHdCZrMSoQ5k9jZKYNFY1Gr5hM3Tvu/9RpJ2gVGlcATUnsw+lw9v3dNw+fZgWdBEq2crb1ov7s+4NlOOmtmBMo4vlI58vTSJUaEWhNa9/tSYXBvlhOzo0JtUfIsG0kWOF51Nnu36Wl82nAP5sDZb7YB2ibFeBZyoRJTQtBrTY6+UDg==');
INSERT INTO `sessions` (`session_id`, `last_active`, `contents`) VALUES
('54870895b60105-19635157', 1418135701, 'HuzIZw2PUhAdiZMQ4CttoIxZBtUOYPLrCOmIhT4mFAQWvjSghy0KVhexZLG1yAvE76ZYWw6lJ+NsYI21yspBmDoY8k9GMsO49Rv6EykijpMYtJTNyQZ7ndMXFvThqYUowvOepa0nY1/v9zvybhj/VWrDAdsDxRiq5lSzIYlxvy7sMiurLant4fTOxihS0JcMmgC/q88NGsO+Y3uk3U1BroVCLSSN0sOT7vssjADS04ZQpw55Qaur6GXfjv6Fw/RrlKctmKklDc3rP9JvDZwOlFYrJDLPrvUQKvu1Xk6I36htRRCZzos4XGnWYWPl//ALSvlYbPXW7tYNamMtgzDVwxtO3pjnOR3lIIRRVN+PFSFz3BHpBg7uuAEffz0uUaS1AyzqHasEOJg4Fmj70QMCpdXJnLBjGYa1MebWSMnxRi9GdbtNvbmX7vL7s3R/UFJ2+5eg9WDso3BkV5N266su7UghaJlrYnLJEsnX8LUq3z6Vdw8l40wRUgMbn7a0plTtr/3ZEph00iSmYn7RyT2U+lV1TYQfWOzJSwHBz7NCV6JXJEcNTujF+A5QIvE3W9fiuQRlpGGnviglv4cEWN1LSY9PIcKpYsuSSP7zJDm+8x+CIBTXEKle+r1oTw9MKuVGD05t2xoauW11CcKA2iFD34IuFXvCs2n/3EumebHtuX7fx9cUyzM9xQbXrYDVKA3biKQJCvaWKySBo/nOQDFRxlc/L6vIDvH6f5pyRytJi43J/hrb6NvnoPukLBwRlBSW43vv5Lzx2JOCk8MJAH5hn9jNfhZ91BPJBrLun2AwGqwsZeCBI0248p2NS2RGSLD/v23oUOCljcuHemm0RTJffzCsimVdgvYwC2+VcObzQ5K33Au9IZHbXgthCOL2jaoUCvToJ+OpYAD383ueBWaLExUX4vK9D3KEluB06rDOLGVTIurPv8wOwYS8l+09lxtNTzhmkpSYByEMgCpVo3BnCUGVq6r9dCVbLNnOtcoEFo8tIT85YPW5L+LF885U5BRzAOJjkQefCmJems5MwYeWvdYmL8j9nxYEusfh50EnHkCjI/URNJn8Do4vCWKQ0gcp/R88bka/sT0x8o9t8O3tSq/Gxy66kgAcOmC95F8OAJFk/4QplxnbV89cbmY7sjYX9iUl6fcU1F8yrF+E32VU3VTE+aJUAjMrglJX++X46qr3UZRvvfKlRWHLtvNvOKt/0mQHCU4A1bOrLWVcmzmjHToYeb/NNJIYzTxJwwAgvysTod6+SDQkrE9qovD9uJWzpRFuC65r0mnZF/zoelRFSleDgCubBBAVVHb8OeCF5kkjDgy7gjYeUJ3h/piVRoaQMAgZu1Y3NgNqm4RO5WVXfxhg15A+8rKJmm1hT4GYEHS+90JcFrCB2ZiasMCbMbxON+QIKk/3LjWZ4pHKeV4j01Zvqv0gq7VYQO/x2MiZfgk4sG4KW7V1a/0NKBVxqckhhhKAu1R10DFTwl9+66RUvN7ZdSmrU2xBzWCTxRecpkXv0TT1Vp6M2Bly8dt/tukG2UyhLrQp5QV6mr06TrKkAdqHh3rGOEF6cMCLsjmSAOX/AP7JunvbW7BPx7d6IyEXFlgpNEgPspkXE8ls27DOIuXc18VK8LqymhfYZTPjJZ9AS7Wk6LBc7J6Jl/z6GJcGrxJ0HbJqly30lXSUL3GoqkdSnTXZ3j01UunLn6xSXE0PA16oMItaXC1NpN+xwXbJv3OukOHSPZUq/ozTxUSgzBeFbidUYTnCB3okdZXRmw=='),
('548707af9f0ef6-60135271', 1418135471, 'FtAuHQKJ7rezd3HpxP32c6WwxuQmoVozqcrTohreU8Hmd6gkL56pBrBu2AphlcDioRcN8toSUVIvjCO62sEoOM5iSL0OzmR7D3JotGHqx7mjp4BIIysMzq+5oGc9uL2jU7umlGohT40Yy7x9WZLSAXQ8sCsJZ9aUdx96qA31jJqDq8a8R+LDkID8Xz0dWAAY5vz7n1P4N8Ug0A0s18LvGGf2vjM2+kzMxw=='),
('5486f87de5a2f3-63974508', 1418131657, 'YmMdlNlpIfALcFqZJlMIXx8Ct6IOt2BZNh/h0hK6vQuF9lwwUBT5Nm3UhKBrW06Yb8O3c507eKOPA8NRv2F1q4i7m0E9rQFjFjeVD8jkMtFmRVVekaWLynP27uBHlg9es4hibsXPdyu40Oebx8512JigZPxTewuSCMT2bHSzAavmZQLi2xDg6Plj0LX75AF+6hEUgdsWJcJ/euRndCIyJOB4'),
('5486dda231f542-26446475', 1418124719, 'ypEzJxUNREUKOmeNAcGqDMgYsIl9iBpXhzSCsZ1ZyWRbf2cKWfCbpRrblShS/kl8OO2R1aIYPwXOLCjVIDYkiOlP9hBx+/Gv0sQf3dYyjEswlMqHGYi2ukg6Uzi+Z/UbdCYEizpktc3s1F2b+AdTKWF1hDbQ6dWvSM5z65GigkQ+0I3DOWG0dZ7a66U0mkwijsrKA+kX9aJROXJeMw=='),
('5486e496701ae9-03706544', 1418126486, 'hA44UdUV+gegpAAgcR+cn8NAUPZ00+90n8/V6AmyD+3lGRyX64NHE/53K3TA97LrhwBuIbX7P8bpjl1ZIb2pLF+QDJEx+5JIRmk5+o1KITFjaOqDgSHd9xh/dmz6sVi46+REvt2sRRwGmzi4xgXPN1zX0VCPnPMAtNrK4xI/CdvWA/oBl3G6+cHAHJFPpDMMYw7WlXZQuZm24E6KDQ=='),
('5486e70b876130-46101129', 1418127115, 'GbC/kINC5Ix3CbPWcNkWfmC1olFKA2kdIaDsE4dJ+3/nF0DLcBhs00hkaHMRFXPMc6hyf2T7iKQSkjXSMjEKogNb5H3DUWEA+KvIJRZBIK7EQtna2NDjUrj7vCgDL5Sz1pYvc3YYkLs1xXbzieY5v+XnUsq8VWTIOeQsfsp9/P9mWzU7/k0FIKSxiBtNTNU7AAZZAWCaGWY3VM99pQ=='),
('5486e8ce5f19a6-71905027', 1418127566, 'OeQaVVdlYrZbvsTvkeBJODfsKzto6SgiHS/8rnmiDV5RF5pkeGJRR2vT5/pW1fcSRfIb8PxxWdP8BhOcAvUIC9UoVU0QTZK37YkbJAZ6wOqx4Zmu/CowIgkET6MIxH6ziS2+MgCrXmgdT0NbHQ7ig1y8py2dghvIswxiBhCATvbJ4lF9D3J68rhzd9SXAXmur0wOAwnTadoig9k8Bg=='),
('5486e916d37574-70366012', 1418127639, 'AcPUWXLGUZAFpzJ79+ZILiPGq2kDZ7DwoxiafD4UcYjG6+N8JTZktlv2SBMvAn/XinLj8kCaOavUA7sk2dbqv0U9Q70cnSniuCC8FjCpC4w9KRRtJnuxPiR4uESSAMXbX5q//ppSxAG81x4SQzrb0iSTFiz5KjyyQEVp9rO9ED6RiON7Zrb21aV4nfaA/NzQxEg1aKktW7GrAzWo93yzgkAlGgfAYabMxOlT4oHwrGegDKHczsOLagMZKEnvdtldi/b/dlUrk6GzCRMAt6Il2ehXKLDhUddFt5+diGFCbNwWauEfS/zgSJi9mmDM33pdKoCNoDULHLVAbKvEDC/wVG60W0IxlnIpa86ewh1kon6IwniRKA=='),
('5486f808a94a17-09825047', 1418131464, 'Vl/E2Rs4PZoPDf+iGOsWX1WRaiFvIJiT1rm6E68UC/wHByplZDu0nP3P7k27fMoO4p1nrEASR2NKDUeMEJQBDYsEnmLd1DEaX1GAuJzi36vlXqPO0iP/6+N/w96k0TCBUO4xjgE1zEip8R+z9fbPkhyR7n50UKOhoKyf+PLV9sZE484ElFL56WPBYTiET8pAXLI7zKA0neX7mO+McE3EjaKOaRzaVvGORIr++I1GCtLoiBWWmHzC4lAH03KiKIaV3lBQZ7WXwquNFcBng+YyJ4osGHDUmxOganGnQbU35tiGQJQ/3a4yUkAXYajTHznA2heWmy/SQqQq6Dm0iAE96gDfoHyzEZ9hPqSyNcEmQPTEzqKAs4u2UKv8ljouQ1jvnnyW+kQICtSCMHm4f4qON1DeI7HSbtO1fUGbcILDbWBi4uiNwA4Z1IsTGZKbmwn+GBkZkA01suQbtVIv6D/KJEMRu28SSDzfwiiFRiFuTFkrtjflTTQ7m4QF+9ST60ZVjl9KeoqS5239UmO6uC6K3koMUmBBWFFhzxZPIhGHtCP1nNAqDfj27GHnX9c/LmDbWJOnBvzKaX23EJYAh0wv0NxJmgRaPUjYtsz9ZSBtUKSG7olzUUBzRiAJ3nS9h9rwfCJdOIlG3myLhyQBB2i5IWrmhu3ML2QpbTKijjCmvy/3/2j8XpmTY0KeUATw1pyPiAfVrEjBiwiXVWnmjOAxyns7jnYbT/ES7NNXMWNECTQWS9SjHmc96c6ZD8ICjs7n2yvxAIiyZGMVrdvaw94VhbAMVxd4pgzbNio0QfHTbkzMJ409QayIWu0LAl982D+4oNJfA2wfEo6+iwHK22cuQ1/O7a0Z2H9cZkaQabufYYjMBX8kIpkE8f0lC41LQs4ogAtOGUGxsuZCS51pFx9QpG5kklg6sLTD1+lhEML6GyGnRSUtorgii1RvKurCU25mm5GfVzvTkTbveT6Ipq1qFXoLJgtTx0bvUVop6FjBKzz9Gq4ojEi6x8NZ02/RxhxhMyPnspHph+fudfPMdgHYTSS6d5YvgQTzknr7OR2d5KnIoqvToqvoSiOuSxzaD2QGonBVoTRQc2EDSoHQ1ELSE1IUlJjpITAwFFZY5OjIdq2tIYd2riCeuO8BeSMUodJJ8KHNLmnr/yVihnUqMUMSWUXdRluFPDfyDjZj7jRnOAqsEaiOVCHxodqB1sMPiVzpNxoARxgf2DabeJrsrr4YErFsq1Ne62V3ojug7EjvSRHQlMzf6q8VJY/QeCsVEiSmfIJB+lXN7ceRDpnfp4pnJ2zNrdu7L3vE6piMSwA3WYu/GXF2ANSyrTC+REAz6HtbV8FONqlOaHyFyAbH3IpsVKW4VLt57HiZWBbW9G+jW/AtCkvveDn6OfC7qBIVY1DcLnqDFzm5vw9wO5kkgOind0+aFspal5FmhZrH3+XVLaOYh44uKeoMpPrYM/1WFhw94rvDAFuQFSBuEj0pfmFJlVd1Jb0uT8b4UcdM7Q/ZSiwaJ26dOIVJJJkvfZ01IZTKbCoatcjeSWDBFpeGVpCcWANHBZCzDGfU3nGeHC3kX+8rXNxiAXDugutC9G8hZ59bHsPDMM8N/pICN/MLwWlNxCrB4B9Ynhh68+TV325YYf0DecE6WyIJuMg4oK5Agprivu1Cwt3rTLL70mavWUGMmTO+TCRwLAwPWh8bmTQEoDtSi1rUOubYdXnPyjHhqxi39FsjhqdnOF+U4mIg3igPs0LFMHcr');

-- --------------------------------------------------------

--
-- Структура таблицы `site`
--

CREATE TABLE IF NOT EXISTS `site` (
  `id` int(11) unsigned NOT NULL AUTO_INCREMENT,
  `name` varchar(50) NOT NULL,
  `logo` varchar(50) DEFAULT NULL,
  `slogan` varchar(250) DEFAULT NULL,
  `brief` text,
  `content` text,
  `keywords` varchar(250) DEFAULT NULL,
  `description` varchar(250) DEFAULT NULL,
  `skin` varchar(50) NOT NULL,
  PRIMARY KEY (`id`)
) ENGINE=InnoDB  DEFAULT CHARSET=utf8 AUTO_INCREMENT=2 ;

--
-- Дамп данных таблицы `site`
--

INSERT INTO `site` (`id`, `name`, `logo`, `slogan`, `brief`, `content`, `keywords`, `description`, `skin`) VALUES
(1, 'Главная | Фонд Доверительного Управления Hermes', 'Главная | Фонд Доверительного Управления Hermes', 'Hermes - Ваш гарант надежности', 'Hermes поможет Вам стать финансово независимым человеком, получающим пассивный доход от постоянной прибыли Фонда.\nСоветуем изучить инвестиционные условия и зарегистрироваться! После этого уже делать вклад в наш Фонд.\nУспех зависит не только от активности партнеров, но и от пассивного участия. Это позволит всем получать постоянный стабильный доход.', 'Если вы устали от бесконечных хайпов, пирамид, и прочих проектов, обещающих золотые горы и пропадающих после месяца работы с вашими деньгами, то вы пришли по адресу! Перед вами инвестиционный проект, который гарантирует вам небольшой, но СТАБИЛЬНЫЙ ДОХОД совершенно БЕЗ каких-либо РИСКОВ.', 'Hermes ключевики', 'Hermes поможет Вам стать финансово независимым человеком, получающим пассивный доход от постоянной прибыли Фонда. Советуем изучить инвестиционные условия и зарегистрироваться! После этого уже делать вклад в наш Фонд. Успех зависит не только от активн', 'rcc');

-- --------------------------------------------------------

--
-- Структура таблицы `slider`
--

CREATE TABLE IF NOT EXISTS `slider` (
  `id` int(11) unsigned NOT NULL AUTO_INCREMENT,
  `group` varchar(100) NOT NULL,
  `url` varchar(250) NOT NULL,
  `title` varchar(100) NOT NULL,
  `description` text,
  `image2` varchar(255) DEFAULT NULL,
  `image_id` int(12) NOT NULL,
  PRIMARY KEY (`id`)
) ENGINE=InnoDB  DEFAULT CHARSET=utf8 AUTO_INCREMENT=12 ;

--
-- Дамп данных таблицы `slider`
--

INSERT INTO `slider` (`id`, `group`, `url`, `title`, `description`, `image2`, `image_id`) VALUES
(7, '', 'about.html', 'Бинарные опционы', '<p>Наш Фонд Доверительного Управления так же занимается торговлей на Валютном рынке. Мы минимизируем риски и используем только собственную стратегию трейдинга, не рискуя за одну сделку более 1% общего Банка.</p>', NULL, 33),
(11, '', 'about.html', 'Ставки на спорт', '<p>Одним из видов нашей деятельности являются Ставки на спортивные события. Капперы нашего Фонда использует систему ставок "Вилки" - это &nbsp;позволяет обеспечить постоянный доход и избавиться от любых рисков, даже минимальных.</p>', NULL, 37);

-- --------------------------------------------------------

--
-- Структура таблицы `stop_list`
--

CREATE TABLE IF NOT EXISTS `stop_list` (
  `id` int(11) unsigned NOT NULL AUTO_INCREMENT,
  `ip` text,
  `count` int(10) DEFAULT NULL,
  `card` varchar(155) NOT NULL,
  `expires` int(10) unsigned NOT NULL,
  PRIMARY KEY (`id`)
) ENGINE=InnoDB DEFAULT CHARSET=utf8 AUTO_INCREMENT=1 ;

-- --------------------------------------------------------

--
-- Структура таблицы `subshrieb`
--

CREATE TABLE IF NOT EXISTS `subshrieb` (
  `id` int(11) unsigned NOT NULL AUTO_INCREMENT,
  `user_id` int(11) unsigned NOT NULL,
  `email` int(2) DEFAULT NULL,
  `phone` int(2) DEFAULT NULL,
  PRIMARY KEY (`id`)
) ENGINE=InnoDB  DEFAULT CHARSET=utf8 AUTO_INCREMENT=35 ;

--
-- Дамп данных таблицы `subshrieb`
--

INSERT INTO `subshrieb` (`id`, `user_id`, `email`, `phone`) VALUES
(2, 15, 1, 0),
(3, 17, 1, 1),
(4, 18, 1, 1),
(5, 3, 0, 0),
(6, 19, NULL, 1),
(7, 20, 1, 1),
(25, 25, 1, 1),
(26, 24, 1, 1),
(27, 30, 1, 1),
(28, 31, 1, 1),
(29, 6, 1, 1),
(30, 21, 1, 1),
(31, 46, 1, NULL),
(32, 50, 1, 1),
(33, 33, 1, 1),
(34, 71, NULL, 1);

-- --------------------------------------------------------

--
-- Структура таблицы `tarifs`
--

CREATE TABLE IF NOT EXISTS `tarifs` (
  `id` int(11) NOT NULL AUTO_INCREMENT,
  `code` varchar(255) CHARACTER SET utf8 NOT NULL,
  `percent` float NOT NULL,
  `frost` int(11) NOT NULL,
  `from_value` float NOT NULL,
  `from_currency_id` int(11) NOT NULL,
  `to_value` float NOT NULL,
  `to_currency_id` int(11) NOT NULL,
  `content` text CHARACTER SET utf8 NOT NULL,
  `description` text CHARACTER SET utf8 NOT NULL,
  `title` varchar(255) CHARACTER SET utf8 NOT NULL,
  `keywords` varchar(255) CHARACTER SET utf8 NOT NULL,
  `h1` varchar(255) CHARACTER SET utf8 NOT NULL,
  `created` int(11) NOT NULL,
  PRIMARY KEY (`id`)
) ENGINE=InnoDB  DEFAULT CHARSET=latin1 AUTO_INCREMENT=4 ;

--
-- Дамп данных таблицы `tarifs`
--

INSERT INTO `tarifs` (`id`, `code`, `percent`, `frost`, `from_value`, `from_currency_id`, `to_value`, `to_currency_id`, `content`, `description`, `title`, `keywords`, `h1`, `created`) VALUES
(1, 'easy', 1, 10, 50, 2, 249, 2, '<p>Начисление за сутки &ndash; 1%</p>', 'Начисление за сутки – 1%', 'Easy', '', 'Easy', 1414390405),
(2, 'master', 1.25, 20, 250, 2, 999, 2, '<p>Начисление за сутки &ndash; 1.25%</p>\n<div id="mcePasteBin" style="position: absolute; top: 0px; left: 0; background: red; width: 1px; height: 1px; overflow: hidden;" contenteditable="false">\n<div contenteditable="true"><!--[if gte mso 9]><xml>\n <o:OfficeDocumentSettings>\n  <o:RelyOnVML/>\n  <o:AllowPNG/>\n </o:OfficeDocumentSettings>\n</xml><![endif]--><span style="font-size: 10.0pt; line-height: 107%; font-family: ''Calibri'',''sans-serif''; mso-ascii-theme-font: minor-latin; mso-fareast-font-family: Calibri; mso-fareast-theme-font: minor-latin; mso-hansi-theme-font: minor-latin; mso-bidi-font-family: ''Times New Roman''; mso-bidi-theme-font: minor-bidi; mso-ansi-language: RU; mso-fareast-language: EN-US; mso-bidi-language: AR-SA;">Начисление за сутки &ndash; 1.25%</span><!--[if gte mso 9]><xml>\n <w:WordDocument>\n  <w:View>Normal</w:View>\n  <w:Zoom>0</w:Zoom>\n  <w:TrackMoves/>\n  <w:TrackFormatting/>\n  <w:PunctuationKerning/>\n  <w:ValidateAgainstSchemas/>\n  <w:SaveIfXMLInvalid>false</w:SaveIfXMLInvalid>\n  <w:IgnoreMixedContent>false</w:IgnoreMixedContent>\n  <w:AlwaysShowPlaceholderText>false</w:AlwaysShowPlaceholderText>\n  <w:DoNotPromoteQF/>\n  <w:LidThemeOther>RU</w:LidThemeOther>\n  <w:LidThemeAsian>X-NONE</w:LidThemeAsian>\n  <w:LidThemeComplexScript>X-NONE</w:LidThemeComplexScript>\n  <w:Compatibility>\n   <w:BreakWrappedTables/>\n   <w:SnapToGridInCell/>\n   <w:WrapTextWithPunct/>\n   <w:UseAsianBreakRules/>\n   <w:DontGrowAutofit/>\n   <w:SplitPgBreakAndParaMark/>\n   <w:DontVertAlignCellWithSp/>\n   <w:DontBreakConstrainedForcedTables/>\n   <w:DontVertAlignInTxbx/>\n   <w:Word11KerningPairs/>\n   <w:CachedColBalance/>\n  </w:Compatibility>\n  <m:mathPr>\n   <m:mathFont m:val="Cambria Math"/>\n   <m:brkBin m:val="before"/>\n   <m:brkBinSub m:val="--"/>\n   <m:smallFrac m:val="off"/>\n   <m:dispDef/>\n   <m:lMargin m:val="0"/>\n   <m:rMargin m:val="0"/>\n   <m:defJc m:val="centerGroup"/>\n   <m:wrapIndent m:val="1440"/>\n   <m:intLim m:val="subSup"/>\n   <m:naryLim m:val="undOvr"/>\n  </m:mathPr></w:WordDocument>\n</xml><![endif]--><!--[if gte mso 9]><xml>\n <w:LatentStyles DefLockedState="false" DefUnhideWhenUsed="true"\n  DefSemiHidden="true" DefQFormat="false" DefPriority="99"\n  LatentStyleCount="267">\n  <w:LsdException Locked="false" Priority="0" SemiHidden="false"\n   UnhideWhenUsed="false" QFormat="true" Name="Normal"/>\n  <w:LsdException Locked="false" Priority="9" SemiHidden="false"\n   UnhideWhenUsed="false" QFormat="true" Name="heading 1"/>\n  <w:LsdException Locked="false" Priority="9" QFormat="true" Name="heading 2"/>\n  <w:LsdException Locked="false" Priority="9" QFormat="true" Name="heading 3"/>\n  <w:LsdException Locked="false" Priority="9" QFormat="true" Name="heading 4"/>\n  <w:LsdException Locked="false" Priority="9" QFormat="true" Name="heading 5"/>\n  <w:LsdException Locked="false" Priority="9" QFormat="true" Name="heading 6"/>\n  <w:LsdException Locked="false" Priority="9" QFormat="true" Name="heading 7"/>\n  <w:LsdException Locked="false" Priority="9" QFormat="true" Name="heading 8"/>\n  <w:LsdException Locked="false" Priority="9" QFormat="true" Name="heading 9"/>\n  <w:LsdException Locked="false" Priority="39" Name="toc 1"/>\n  <w:LsdException Locked="false" Priority="39" Name="toc 2"/>\n  <w:LsdException Locked="false" Priority="39" Name="toc 3"/>\n  <w:LsdException Locked="false" Priority="39" Name="toc 4"/>\n  <w:LsdException Locked="false" Priority="39" Name="toc 5"/>\n  <w:LsdException Locked="false" Priority="39" Name="toc 6"/>\n  <w:LsdException Locked="false" Priority="39" Name="toc 7"/>\n  <w:LsdException Locked="false" Priority="39" Name="toc 8"/>\n  <w:LsdException Locked="false" Priority="39" Name="toc 9"/>\n  <w:LsdException Locked="false" Priority="35" QFormat="true" Name="caption"/>\n  <w:LsdException Locked="false" Priority="10" SemiHidden="false"\n   UnhideWhenUsed="false" QFormat="true" Name="Title"/>\n  <w:LsdException Locked="false" Priority="1" Name="Default Paragraph Font"/>\n  <w:LsdException Locked="false" Priority="11" SemiHidden="false"\n   UnhideWhenUsed="false" QFormat="true" Name="Subtitle"/>\n  <w:LsdException Locked="false" Priority="22" SemiHidden="false"\n   UnhideWhenUsed="false" QFormat="true" Name="Strong"/>\n  <w:LsdException Locked="false" Priority="20" SemiHidden="false"\n   UnhideWhenUsed="false" QFormat="true" Name="Emphasis"/>\n  <w:LsdException Locked="false" Priority="59" SemiHidden="false"\n   UnhideWhenUsed="false" Name="Table Grid"/>\n  <w:LsdException Locked="false" UnhideWhenUsed="false" Name="Placeholder Text"/>\n  <w:LsdException Locked="false" Priority="1" SemiHidden="false"\n   UnhideWhenUsed="false" QFormat="true" Name="No Spacing"/>\n  <w:LsdException Locked="false" Priority="60" SemiHidden="false"\n   UnhideWhenUsed="false" Name="Light Shading"/>\n  <w:LsdException Locked="false" Priority="61" SemiHidden="false"\n   UnhideWhenUsed="false" Name="Light List"/>\n  <w:LsdException Locked="false" Priority="62" SemiHidden="false"\n   UnhideWhenUsed="false" Name="Light Grid"/>\n  <w:LsdException Locked="false" Priority="63" SemiHidden="false"\n   UnhideWhenUsed="false" Name="Medium Shading 1"/>\n  <w:LsdException Locked="false" Priority="64" SemiHidden="false"\n   UnhideWhenUsed="false" Name="Medium Shading 2"/>\n  <w:LsdException Locked="false" Priority="65" SemiHidden="false"\n   UnhideWhenUsed="false" Name="Medium List 1"/>\n  <w:LsdException Locked="false" Priority="66" SemiHidden="false"\n   UnhideWhenUsed="false" Name="Medium List 2"/>\n  <w:LsdException Locked="false" Priority="67" SemiHidden="false"\n   UnhideWhenUsed="false" Name="Medium Grid 1"/>\n  <w:LsdException Locked="false" Priority="68" SemiHidden="false"\n   UnhideWhenUsed="false" Name="Medium Grid 2"/>\n  <w:LsdException Locked="false" Priority="69" SemiHidden="false"\n   UnhideWhenUsed="false" Name="Medium Grid 3"/>\n  <w:LsdException Locked="false" Priority="70" SemiHidden="false"\n   UnhideWhenUsed="false" Name="Dark List"/>\n  <w:LsdException Locked="false" Priority="71" SemiHidden="false"\n   UnhideWhenUsed="false" Name="Colorful Shading"/>\n  <w:LsdException Locked="false" Priority="72" SemiHidden="false"\n   UnhideWhenUsed="false" Name="Colorful List"/>\n  <w:LsdException Locked="false" Priority="73" SemiHidden="false"\n   UnhideWhenUsed="false" Name="Colorful Grid"/>\n  <w:LsdException Locked="false" Priority="60" SemiHidden="false"\n   UnhideWhenUsed="false" Name="Light Shading Accent 1"/>\n  <w:LsdException Locked="false" Priority="61" SemiHidden="false"\n   UnhideWhenUsed="false" Name="Light List Accent 1"/>\n  <w:LsdException Locked="false" Priority="62" SemiHidden="false"\n   UnhideWhenUsed="false" Name="Light Grid Accent 1"/>\n  <w:LsdException Locked="false" Priority="63" SemiHidden="false"\n   UnhideWhenUsed="false" Name="Medium Shading 1 Accent 1"/>\n  <w:LsdException Locked="false" Priority="64" SemiHidden="false"\n   UnhideWhenUsed="false" Name="Medium Shading 2 Accent 1"/>\n  <w:LsdException Locked="false" Priority="65" SemiHidden="false"\n   UnhideWhenUsed="false" Name="Medium List 1 Accent 1"/>\n  <w:LsdException Locked="false" UnhideWhenUsed="false" Name="Revision"/>\n  <w:LsdException Locked="false" Priority="34" SemiHidden="false"\n   UnhideWhenUsed="false" QFormat="true" Name="List Paragraph"/>\n  <w:LsdException Locked="false" Priority="29" SemiHidden="false"\n   UnhideWhenUsed="false" QFormat="true" Name="Quote"/>\n  <w:LsdException Locked="false" Priority="30" SemiHidden="false"\n   UnhideWhenUsed="false" QFormat="true" Name="Intense Quote"/>\n  <w:LsdException Locked="false" Priority="66" SemiHidden="false"\n   UnhideWhenUsed="false" Name="Medium List 2 Accent 1"/>\n  <w:LsdException Locked="false" Priority="67" SemiHidden="false"\n   UnhideWhenUsed="false" Name="Medium Grid 1 Accent 1"/>\n  <w:LsdException Locked="false" Priority="68" SemiHidden="false"\n   UnhideWhenUsed="false" Name="Medium Grid 2 Accent 1"/>\n  <w:LsdException Locked="false" Priority="69" SemiHidden="false"\n   UnhideWhenUsed="false" Name="Medium Grid 3 Accent 1"/>\n  <w:LsdException Locked="false" Priority="70" SemiHidden="false"\n   UnhideWhenUsed="false" Name="Dark List Accent 1"/>\n  <w:LsdException Locked="false" Priority="71" SemiHidden="false"\n   UnhideWhenUsed="false" Name="Colorful Shading Accent 1"/>\n  <w:LsdException Locked="false" Priority="72" SemiHidden="false"\n   UnhideWhenUsed="false" Name="Colorful List Accent 1"/>\n  <w:LsdException Locked="false" Priority="73" SemiHidden="false"\n   UnhideWhenUsed="false" Name="Colorful Grid Accent 1"/>\n  <w:LsdException Locked="false" Priority="60" SemiHidden="false"\n   UnhideWhenUsed="false" Name="Light Shading Accent 2"/>\n  <w:LsdException Locked="false" Priority="61" SemiHidden="false"\n   UnhideWhenUsed="false" Name="Light List Accent 2"/>\n  <w:LsdException Locked="false" Priority="62" SemiHidden="false"\n   UnhideWhenUsed="false" Name="Light Grid Accent 2"/>\n  <w:LsdException Locked="false" Priority="63" SemiHidden="false"\n   UnhideWhenUsed="false" Name="Medium Shading 1 Accent 2"/>\n  <w:LsdException Locked="false" Priority="64" SemiHidden="false"\n   UnhideWhenUsed="false" Name="Medium Shading 2 Accent 2"/>\n  <w:LsdException Locked="false" Priority="65" SemiHidden="false"\n   UnhideWhenUsed="false" Name="Medium List 1 Accent 2"/>\n  <w:LsdException Locked="false" Priority="66" SemiHidden="false"\n   UnhideWhenUsed="false" Name="Medium List 2 Accent 2"/>\n  <w:LsdException Locked="false" Priority="67" SemiHidden="false"\n   UnhideWhenUsed="false" Name="Medium Grid 1 Accent 2"/>\n  <w:LsdException Locked="false" Priority="68" SemiHidden="false"\n   UnhideWhenUsed="false" Name="Medium Grid 2 Accent 2"/>\n  <w:LsdException Locked="false" Priority="69" SemiHidden="false"\n   UnhideWhenUsed="false" Name="Medium Grid 3 Accent 2"/>\n  <w:LsdException Locked="false" Priority="70" SemiHidden="false"\n   UnhideWhenUsed="false" Name="Dark List Accent 2"/>\n  <w:LsdException Locked="false" Priority="71" SemiHidden="false"\n   UnhideWhenUsed="false" Name="Colorful Shading Accent 2"/>\n  <w:LsdException Locked="false" Priority="72" SemiHidden="false"\n   UnhideWhenUsed="false" Name="Colorful List Accent 2"/>\n  <w:LsdException Locked="false" Priority="73" SemiHidden="false"\n   UnhideWhenUsed="false" Name="Colorful Grid Accent 2"/>\n  <w:LsdException Locked="false" Priority="60" SemiHidden="false"\n   UnhideWhenUsed="false" Name="Light Shading Accent 3"/>\n  <w:LsdException Locked="false" Priority="61" SemiHidden="false"\n   UnhideWhenUsed="false" Name="Light List Accent 3"/>\n  <w:LsdException Locked="false" Priority="62" SemiHidden="false"\n   UnhideWhenUsed="false" Name="Light Grid Accent 3"/>\n  <w:LsdException Locked="false" Priority="63" SemiHidden="false"\n   UnhideWhenUsed="false" Name="Medium Shading 1 Accent 3"/>\n  <w:LsdException Locked="false" Priority="64" SemiHidden="false"\n   UnhideWhenUsed="false" Name="Medium Shading 2 Accent 3"/>\n  <w:LsdException Locked="false" Priority="65" SemiHidden="false"\n   UnhideWhenUsed="false" Name="Medium List 1 Accent 3"/>\n  <w:LsdException Locked="false" Priority="66" SemiHidden="false"\n   UnhideWhenUsed="false" Name="Medium List 2 Accent 3"/>\n  <w:LsdException Locked="false" Priority="67" SemiHidden="false"\n   UnhideWhenUsed="false" Name="Medium Grid 1 Accent 3"/>\n  <w:LsdException Locked="false" Priority="68" SemiHidden="false"\n   UnhideWhenUsed="false" Name="Medium Grid 2 Accent 3"/>\n  <w:LsdException Locked="false" Priority="69" SemiHidden="false"\n   UnhideWhenUsed="false" Name="Medium Grid 3 Accent 3"/>\n  <w:LsdException Locked="false" Priority="70" SemiHidden="false"\n   UnhideWhenUsed="false" Name="Dark List Accent 3"/>\n  <w:LsdException Locked="false" Priority="71" SemiHidden="false"\n   UnhideWhenUsed="false" Name="Colorful Shading Accent 3"/>\n  <w:LsdException Locked="false" Priority="72" SemiHidden="false"\n   UnhideWhenUsed="false" Name="Colorful List Accent 3"/>\n  <w:LsdException Locked="false" Priority="73" SemiHidden="false"\n   UnhideWhenUsed="false" Name="Colorful Grid Accent 3"/>\n  <w:LsdException Locked="false" Priority="60" SemiHidden="false"\n   UnhideWhenUsed="false" Name="Light Shading Accent 4"/>\n  <w:LsdException Locked="false" Priority="61" SemiHidden="false"\n   UnhideWhenUsed="false" Name="Light List Accent 4"/>\n  <w:LsdException Locked="false" Priority="62" SemiHidden="false"\n   UnhideWhenUsed="false" Name="Light Grid Accent 4"/>\n  <w:LsdException Locked="false" Priority="63" SemiHidden="false"\n   UnhideWhenUsed="false" Name="Medium Shading 1 Accent 4"/>\n  <w:LsdException Locked="false" Priority="64" SemiHidden="false"\n   UnhideWhenUsed="false" Name="Medium Shading 2 Accent 4"/>\n  <w:LsdException Locked="false" Priority="65" SemiHidden="false"\n   UnhideWhenUsed="false" Name="Medium List 1 Accent 4"/>\n  <w:LsdException Locked="false" Priority="66" SemiHidden="false"\n   UnhideWhenUsed="false" Name="Medium List 2 Accent 4"/>\n  <w:LsdException Locked="false" Priority="67" SemiHidden="false"\n   UnhideWhenUsed="false" Name="Medium Grid 1 Accent 4"/>\n  <w:LsdException Locked="false" Priority="68" SemiHidden="false"\n   UnhideWhenUsed="false" Name="Medium Grid 2 Accent 4"/>\n  <w:LsdException Locked="false" Priority="69" SemiHidden="false"\n   UnhideWhenUsed="false" Name="Medium Grid 3 Accent 4"/>\n  <w:LsdException Locked="false" Priority="70" SemiHidden="false"\n   UnhideWhenUsed="false" Name="Dark List Accent 4"/>\n  <w:LsdException Locked="false" Priority="71" SemiHidden="false"\n   UnhideWhenUsed="false" Name="Colorful Shading Accent 4"/>\n  <w:LsdException Locked="false" Priority="72" SemiHidden="false"\n   UnhideWhenUsed="false" Name="Colorful List Accent 4"/>\n  <w:LsdException Locked="false" Priority="73" SemiHidden="false"\n   UnhideWhenUsed="false" Name="Colorful Grid Accent 4"/>\n  <w:LsdException Locked="false" Priority="60" SemiHidden="false"\n   UnhideWhenUsed="false" Name="Light Shading Accent 5"/>\n  <w:LsdException Locked="false" Priority="61" SemiHidden="false"\n   UnhideWhenUsed="false" Name="Light List Accent 5"/>\n  <w:LsdException Locked="false" Priority="62" SemiHidden="false"\n   UnhideWhenUsed="false" Name="Light Grid Accent 5"/>\n  <w:LsdException Locked="false" Priority="63" SemiHidden="false"\n   UnhideWhenUsed="false" Name="Medium Shading 1 Accent 5"/>\n  <w:LsdException Locked="false" Priority="64" SemiHidden="false"\n   UnhideWhenUsed="false" Name="Medium Shading 2 Accent 5"/>\n  <w:LsdException Locked="false" Priority="65" SemiHidden="false"\n   UnhideWhenUsed="false" Name="Medium List 1 Accent 5"/>\n  <w:LsdException Locked="false" Priority="66" SemiHidden="false"\n   UnhideWhenUsed="false" Name="Medium List 2 Accent 5"/>\n  <w:LsdException Locked="false" Priority="67" SemiHidden="false"\n   UnhideWhenUsed="false" Name="Medium Grid 1 Accent 5"/>\n  <w:LsdException Locked="false" Priority="68" SemiHidden="false"\n   UnhideWhenUsed="false" Name="Medium Grid 2 Accent 5"/>\n  <w:LsdException Locked="false" Priority="69" SemiHidden="false"\n   UnhideWhenUsed="false" Name="Medium Grid 3 Accent 5"/>\n  <w:LsdException Locked="false" Priority="70" SemiHidden="false"\n   UnhideWhenUsed="false" Name="Dark List Accent 5"/>\n  <w:LsdException Locked="false" Priority="71" SemiHidden="false"\n   UnhideWhenUsed="false" Name="Colorful Shading Accent 5"/>\n  <w:LsdException Locked="false" Priority="72" SemiHidden="false"\n   UnhideWhenUsed="false" Name="Colorful List Accent 5"/>\n  <w:LsdException Locked="false" Priority="73" SemiHidden="false"\n   UnhideWhenUsed="false" Name="Colorful Grid Accent 5"/>\n  <w:LsdException Locked="false" Priority="60" SemiHidden="false"\n   UnhideWhenUsed="false" Name="Light Shading Accent 6"/>\n  <w:LsdException Locked="false" Priority="61" SemiHidden="false"\n   UnhideWhenUsed="false" Name="Light List Accent 6"/>\n  <w:LsdException Locked="false" Priority="62" SemiHidden="false"\n   UnhideWhenUsed="false" Name="Light Grid Accent 6"/>\n  <w:LsdException Locked="false" Priority="63" SemiHidden="false"\n   UnhideWhenUsed="false" Name="Medium Shading 1 Accent 6"/>\n  <w:LsdException Locked="false" Priority="64" SemiHidden="false"\n   UnhideWhenUsed="false" Name="Medium Shading 2 Accent 6"/>\n  <w:LsdException Locked="false" Priority="65" SemiHidden="false"\n   UnhideWhenUsed="false" Name="Medium List 1 Accent 6"/>\n  <w:LsdException Locked="false" Priority="66" SemiHidden="false"\n   UnhideWhenUsed="false" Name="Medium List 2 Accent 6"/>\n  <w:LsdException Locked="false" Priority="67" SemiHidden="false"\n   UnhideWhenUsed="false" Name="Medium Grid 1 Accent 6"/>\n  <w:LsdException Locked="false" Priority="68" SemiHidden="false"\n   UnhideWhenUsed="false" Name="Medium Grid 2 Accent 6"/>\n  <w:LsdException Locked="false" Priority="69" SemiHidden="false"\n   UnhideWhenUsed="false" Name="Medium Grid 3 Accent 6"/>\n  <w:LsdException Locked="false" Priority="70" SemiHidden="false"\n   UnhideWhenUsed="false" Name="Dark List Accent 6"/>\n  <w:LsdException Locked="false" Priority="71" SemiHidden="false"\n   UnhideWhenUsed="false" Name="Colorful Shading Accent 6"/>\n  <w:LsdException Locked="false" Priority="72" SemiHidden="false"\n   UnhideWhenUsed="false" Name="Colorful List Accent 6"/>\n  <w:LsdException Locked="false" Priority="73" SemiHidden="false"\n   UnhideWhenUsed="false" Name="Colorful Grid Accent 6"/>\n  <w:LsdException Locked="false" Priority="19" SemiHidden="false"\n   UnhideWhenUsed="false" QFormat="true" Name="Subtle Emphasis"/>\n  <w:LsdException Locked="false" Priority="21" SemiHidden="false"\n   UnhideWhenUsed="false" QFormat="true" Name="Intense Emphasis"/>\n  <w:LsdException Locked="false" Priority="31" SemiHidden="false"\n   UnhideWhenUsed="false" QFormat="true" Name="Subtle Reference"/>\n  <w:LsdException Locked="false" Priority="32" SemiHidden="false"\n   UnhideWhenUsed="false" QFormat="true" Name="Intense Reference"/>\n  <w:LsdException Locked="false" Priority="33" SemiHidden="false"\n   UnhideWhenUsed="false" QFormat="true" Name="Book Title"/>\n  <w:LsdException Locked="false" Priority="37" Name="Bibliography"/>\n  <w:LsdException Locked="false" Priority="39" QFormat="true" Name="TOC Heading"/>\n </w:LatentStyles>\n</xml><![endif]--><!--[if gte mso 10]>\n<style>\n /* Style Definitions */\n table.MsoNormalTable\n	{mso-style-name:"Обычная таблица";\n	mso-tstyle-rowband-size:0;\n	mso-tstyle-colband-size:0;\n	mso-style-noshow:yes;\n	mso-style-priority:99;\n	mso-style-qformat:yes;\n	mso-style-parent:"";\n	mso-padding-alt:0cm 5.4pt 0cm 5.4pt;\n	mso-para-margin-top:0cm;\n	mso-para-margin-right:0cm;\n	mso-para-margin-bottom:8.0pt;\n	mso-para-margin-left:0cm;\n	line-height:107%;\n	mso-pagination:widow-orphan;\n	font-size:11.0pt;\n	font-family:"Calibri","sans-serif";\n	mso-ascii-font-family:Calibri;\n	mso-ascii-theme-font:minor-latin;\n	mso-fareast-font-family:"Times New Roman";\n	mso-fareast-theme-font:minor-fareast;\n	mso-hansi-font-family:Calibri;\n	mso-hansi-theme-font:minor-latin;}\n</style>\n<![endif]--></div>\n</div>', '', 'Master', '', 'Master', 1414390590),
(3, 'business', 1.5, 30, 1000, 2, 5000, 2, '<p>Начисление за сутки &ndash; 1.5%</p>', '', 'Business', '', 'Business', 1414390824);

-- --------------------------------------------------------

--
-- Структура таблицы `users`
--

CREATE TABLE IF NOT EXISTS `users` (
  `id` int(11) unsigned NOT NULL AUTO_INCREMENT,
  `login` varchar(64) NOT NULL,
  `email` varchar(254) NOT NULL,
  `phone` varchar(254) DEFAULT NULL,
  `name` varchar(255) NOT NULL,
  `address` text,
  `password` varchar(64) NOT NULL,
  `created` int(11) DEFAULT NULL,
  `logins` int(10) unsigned NOT NULL DEFAULT '0',
  `last_login` int(10) unsigned DEFAULT NULL,
  `active_time` int(11) DEFAULT NULL,
  `vk` varchar(255) DEFAULT NULL,
  `skype` varchar(255) DEFAULT NULL,
  PRIMARY KEY (`id`),
  UNIQUE KEY `uniq_login` (`login`)
) ENGINE=InnoDB  DEFAULT CHARSET=utf8 AUTO_INCREMENT=91 ;

--
-- Дамп данных таблицы `users`
--

INSERT INTO `users` (`id`, `login`, `email`, `phone`, `name`, `address`, `password`, `created`, `logins`, `last_login`, `active_time`, `vk`, `skype`) VALUES
(3, 'admin', 'pxpn46@gmail.com', 'Админ', 'Админ', '', '671728946c25115dfb7ac934d2dae387b5f45da2fad065fadb960ecbec597948', 1378369661, 145, 1417953759, NULL, '', 'igor17851'),
(15, 'k1785', 'k1785@rambler.ru', '9374353527', 'кульков Игорь Владимирович', NULL, '1557db317c0ba52df83d42e7563c1c623bb5bf28baffb27f6f39f1f29f894608', 1414849167, 14, 1415030213, NULL, 'https://vk.com/k1785', 'igor17851'),
(16, '123bod321', 'bgor14@mail.ru', '+380502000350', 'Горкуша Богдан', NULL, '0929a526666fe6b1ba53dde758e657f6e41d0f129f4e7ac29a38614a6b905c12', 1414849188, 52, 1417965790, NULL, 'https://vk.com/id65060091', ''),
(17, 'pxpn', 'pxpn46@yandex.ru', '+79875145669', 'Квасов Павел Евгеньевич', NULL, 'cf38176feb343deda5fee7fc265b3a2e21164efc4068058a696e0245efaf9733', 1414849280, 65, 1418049566, NULL, 'http://vk.com/charlesbronson', 'thrash_man1ac'),
(18, 'agaron', 'thisissoup1@gmail.com', '+79675103836', 'Оганисян Агарон Овикович ', NULL, '23daabaa208879014b5feee3014c0ca6f135b91e8d2208e6b9f0fc790a1a7811', 1414850938, 32, 1418061890, NULL, 'vk.com/agaron98', 'aharon981'),
(20, 'ulitk', 'rivivel@yandex.ru', '+79524857119', 'Круглик Ирина Анатольевна', NULL, '0a693e4ae94c094c5e0945e15cd624c74da7d785275c4d1d367b4a9b95202203', 1414851176, 19, 1417429231, NULL, 'http://m.vk.com/id167826459', ''),
(21, 'folga123', 'folga123@yandex.ru', '+79118397551', 'Федотова Ольга Викторовна', NULL, '40ad65c089e208d79de9c5fef8d1c372ced8a1f4346ffc1cee51eb253252c8f5', 1414851362, 37, 1418123579, NULL, 'https://vk.com/folga123', 'folga_123'),
(22, 'pvapva2007', 'pvapva2007@inbox.ru', '+79126982524', 'Котляров Вадим Юрьевич', NULL, '2b0c2231ffcc1efa3e708eb55a6eb5ec63a5edb2730df09602faaea8713eae4f', 1414852821, 53, 1418183032, NULL, 'http://vk.com/id105809295', 'asticar044'),
(23, '727121', 'bgor1414@mail.ru', '+3805020331414', 'Богдан Горкуша Петрович', NULL, 'e8f7458ebe9ab0ada9c38884d25c223b4aa70794883442eeb8327e803d042731', 1414853330, 0, NULL, NULL, 'https://vk.com/id65060091', ''),
(24, 'Popovichevs', 'Qsergey91@gmail.com', '+79033773863', 'Поповичев Сергей Валерьевич', NULL, '0413a59568f735fb62f78a1f7c4c6dfc59af559795a149e24e042f8372786a1e', 1414853593, 31, 1418182841, NULL, 'https://vk.com/popovichevsergey', 'Happyserega91'),
(25, 'buxaric', 'duet1122@yandex.ru', '+79524807643', 'Круглик Марина Николаевна', NULL, '31b06adde8ddff06c0badb6ff3e4ac7dce2b7a194d563bebfb29f14ec5280236', 1414854808, 17, 1417075508, NULL, '', ''),
(26, 'SvetlanaLazarevich', 'YuliaGerasimovich@yandex.ru', '+375447498434', 'Лазаревич Светлана Николаевна', NULL, 'a204a69ebe7944c6bcc774dd8970a139e3a0060db3059cfd449e5c1af3f03827', 1414855904, 12, 1417448354, NULL, 'http://www.odnoklassniki.ru/#/', 'cvetik_131'),
(27, 'dimishe', 'dmorozov87@list.ru', '+79101340460', 'Морозов Дмитрий Вадимович', NULL, '2e0a87e444f9d750ba66e5ad9eaa7321255d5cc8fdce333085a268f66472b8f6', 1414858191, 17, 1418059774, NULL, 'https://vk.com/inv2014', ''),
(28, 'Erohin', 'metalgroza@gmail.com', '+79237548969', 'Алексеенко Павел Владимирович', NULL, 'eb406323b956ce7f68f38f728afe9dad2fdf4f1e43bed3380ffd3418b09f7b2c', 1414858461, 7, 1417427766, NULL, 'https://vk.com/pavel_alex90', ''),
(29, 'test', 'bukraine777@gmail.com', '+380502000350', 'Богдан', NULL, 'e8f7458ebe9ab0ada9c38884d25c223b4aa70794883442eeb8327e803d042731', 1414860050, 1, 1414860070, NULL, '', ''),
(30, 'men_slava2009', 'men_slava2009@mail.ru', '+380632804060', 'Меняйлов Вячеслав Викторович', NULL, '6623f597eef56da77aaef46f52e89746fbce58ddb9259a6a3d11e85150d1f6b6', 1414861623, 3, 1414921523, NULL, 'http://vk.com/men_slava2009', 'men_slava2009'),
(31, 'pxpn46', 'yadirect58@yandex.ru', '+798751455669', 'Шмелев Андрей Станиславович', NULL, 'cf38176feb343deda5fee7fc265b3a2e21164efc4068058a696e0245efaf9733', 1414866906, 34, 1418063580, NULL, '', ''),
(32, 'pxpn4669', 'pavel@status-club.ru', '+79875145669', 'Квасова Елена Владимировна', NULL, '15b919f7cd96f8578b3bb810f08c74b87df19dde6ec371ddccf3ff2610f3682e', 1414868571, 13, 1417789413, NULL, '', ''),
(33, 'DimaKLG', 'gda050819888@yandex.ru', '+79533247509', 'Гуркин Дмитрий Андреевич', NULL, '239fcbac68a3a0c6164c263a1156903dfb4f357ae88a0e3426f0ea6ac037d9fb', 1414911559, 33, 1417440072, NULL, 'https://vk.com/karasev111', ''),
(34, 'Hyperion', 'stan_dnb@mail.ru', '+79045584054', 'Есипов Станислав Викеньевич', NULL, '68cb9b0bb4d2c838a378e0c5646c6f4139dbcb1bc8bca47515c8a9082deb2318', 1414911968, 58, 1418158480, NULL, 'http://vk.com/stanislav.esipov', 'stan_dnb2011'),
(35, 'master', 'inves007@gmail.com', '+79295789948', 'Alekz Rentier', NULL, 'b336e0b4df61a3c46752c2c2bc347ea5eb6f8f26703d09ef2dce52e524644914', 1414925467, 1, 1414925515, NULL, 'http://e-rentier.ru/', 'alekz.kap'),
(37, 'runes93', 'runes93@list.ru', '+79528184631', 'Несинов Даниил Андреевич', NULL, 'a46e70545fdd90f5f1da090bf780c67fcf1373f29fe6db016fdd41eb4b352104', 1414954951, 24, 1417976377, NULL, '', ''),
(38, 'vlad_vestor', 'aggeev1996@gmail.com', '+79138699163', 'Агеев Владислав Валерьевич', NULL, '1f71bfd048952b0de6bd477fa70aca6af36c6aa074293844ad94532efa08dadb', 1415007234, 1, 1415007420, NULL, 'https://vk.com/id150716856', 'vlad400z'),
(40, 'skeyt', 'FuriousinLife@mail.ru', '+79290888446', 'жалдыбин Владимир Сергеевич', NULL, '2574f8efd0881c920d946e91c98ea0c22cc4dfddd1773201df4480d4e4c6b212', 1415112687, 11, 1416833839, NULL, 'https://vk.com/id268128192', 'brondic1'),
(41, 'bazar', 'urbaz86@yandex.ru', '+79298442344', 'Базарницкий Юрий Борисович', NULL, '4b9ba74d87647775edf3113ead018e16aaa9e7df36fc17119fa784f3fd14ab0f', 1415114437, 27, 1417598808, NULL, '', ''),
(42, 'bukhan', 'bukhan.nefo@rambler.ru', '+7 904 2379684', 'Буханов Илья Олегович', NULL, '5cec17e2bad580b1e9264ba7d275f4960b3796f7d45b91779bc15325f961c51f', 1415138576, 15, 1416430054, NULL, '', ''),
(43, 'Mariya', 'MAKAPOBA-M@yandex.ru', '+79104223533', 'Макарова Мария', NULL, 'c7867799db1e611f37d0d3f8bb8945413e9980add7eb29a77cfd10eec88b0ece', 1415218518, 54, 1418131464, NULL, 'https://m.vk.com/id193188073', ''),
(44, 'Strong', 'SergeyOmetov@yandex.ru', '380662763203', 'Сергей Омётов', NULL, 'bc85365f8079f087cdb9b099fd941c3316bb8142c6bb84458e916e41903345c8', 1415397224, 1, 1415397284, NULL, 'https://vk.com/ometovs', 'lamersmustdie02'),
(45, 'iuniqueorn', 'xum3abodmedia@gmail.com', '+79222211122', 'Александр Петров', NULL, 'f89fa38874034fb66fbfcf5997b4dcf62ddfe19bed279efa2351b3fae972b4cb', 1415400004, 28, 1417452988, NULL, '', ''),
(46, 'ZharovaS', 'zsvet22@gmail.com', '89817315491', 'Жарова Светлана Михайловна', NULL, '275fc40b48b80c27ede4235155c27d1431ed19c43a2a3d24cd14b76baa44c620', 1415439962, 15, 1417385831, NULL, 'https://vk.com/zharovas', 'zharik777'),
(49, 'maxbaks', 'donttellme@yandex.ru', '+79629085141', 'Максим Кудянов', NULL, '98cd4a52eb36f77eb716e94d2c72c81e98d7ced306581d048e8d6f671fb33db2', 1415464551, 1, 1415464613, NULL, 'https://vk.com/dontellme', 'donttellme.donttellme'),
(50, 'nasper', 'sddatik113@mail.ru', '+380932351201', 'Stanisla Proxor', NULL, '5c74cf563df5988fae696a2c200a39ed08e2a70c532decfa1258233a28ffb8b8', 1415565300, 22, 1418047757, NULL, '', ''),
(51, 'tuz2012', 'bulkinalex1@gmail.com', '+79273456789', 'Alexandr Bulkin', NULL, '72bf019c8500eff1f1b6ec33c96bae43ef31428e45e977e8c050e2e50baa7c41', 1415578992, 14, 1417344850, NULL, '', ''),
(52, 'artemtzelishev93', 'artemtzelishev93@yandex.ru', '+79122356208', 'Целищев Артем Андреевич', NULL, 'a61e5a08946937160f01c826fd7aec84904007d032bb6598831b576971496297', 1415605685, 0, NULL, NULL, 'http://vk.com/artemtzelishev95', 'Artemmikro12'),
(53, 'arhivarius', 'monitorinvest.info@gmail.com', '+79069457778', 'MonitorInvest', NULL, '6bde96e986be3fb3dd3a765c50ea0bdf589291c9bb2dc80c82da6537d226b764', 1415606270, 7, 1416732844, NULL, 'http://vk.com/id46311539', 'Arhivarius72'),
(54, 'BitKonan', 'dapsi0404@gmail.com', '+789865343342', 'BitKonan', NULL, 'e079cd98f35ea38e89e92dad090fab610db033876c5b0390a6e35009c5083948', 1415610081, 1, 1415610112, NULL, 'BitKonan', 'BitKonan'),
(55, 'HYIPru', 'support@hy-ip.ru', '3594621378', 'Galina', NULL, '73fbacf9f89d57178f45be8923075a9ab41adb5fb572b8da049378fcedf27177', 1415612891, 0, NULL, NULL, '', 'hy-ip.ru'),
(56, 'myinvestblog', 'myinvestblog.ru@gmail.com', '+80637500203', 'myinvestblog.ru', NULL, '581cf2ab6188c402b19ec10694d47cf4ebf3630388157e4f9293e5024e8839c4', 1415617472, 7, 1417619119, NULL, '', 'myinvestblogru.myinvestblogru'),
(57, 'rostislav2', 'ivan20140@mail.ru', '79518134847', 'Ростислав', NULL, '012778ae2f5ce37b3648881e99db3f312ec8c8873119a15eb0aa08289df24a26', 1415618289, 2, 1415951084, NULL, '', 'rostislav9459'),
(58, 'MoskVa', 'MoskVa246@gmail.com', '+79083309362', 'Москалев Валентин Владимирович', NULL, '36bbe2817ccda6f485a15301f4f0eb749d160f31d742fb7a52c3796075628cc7', 1415621946, 13, 1418116181, NULL, '', ''),
(59, 'INVESTELS', 'investels@ymail.com', '-', 'INVESTELS', NULL, '880ddfbc8a386a26c59bcfc98449e823ea44e5975a2c73ed7a3acc6a6c21b013', 1415622382, 10, 1418138461, NULL, '', ''),
(60, 'zenobia607', 'nhlubi@ymail.com', '27728278967', 'Nokuthula Hlubi', NULL, '10e8a27a9507c31d3b49885365447404d41f91b957209fee6ef5eda9ba9e5f3a', 1415624741, 0, NULL, NULL, '', ''),
(61, 'hyiphotlister', 'hyiphotlister1@gmail.com', '9338562525', 'hyiphotlister.com', NULL, '02c57e512c116d5f122aa113fd3038edbe6758ed44a97f6d2491a1e2b2d7716e', 1415624836, 0, NULL, NULL, '', 'hyiphotlister'),
(62, 'torrek', 'goffits@gmail.com', '2222222222', 'Alex Torrek', NULL, 'd66bdd47e71d656d80c62a82d11eb37231f8a0f4570cf9a80a49c73e476eec42', 1415629102, 5, 1416334290, NULL, '', ''),
(63, 'skyhyip', 'skyhyip.com@gmail.com', '9338562525', 'skyhyip', NULL, '02c57e512c116d5f122aa113fd3038edbe6758ed44a97f6d2491a1e2b2d7716e', 1415633575, 0, NULL, NULL, '8956233265', 'skyhyip'),
(64, 'hyipinv', 'projects@hyipinv.com', '+79118599634', 'Дмитрий Иванов', NULL, '8d95d080dbbb106adaa6641f82a8580c019bee4ce7a77d2952cdbddc254af4b8', 1415636879, 18, 1417891151, NULL, '', ''),
(65, 'payrating', 'pay_rating@icloud.com', '+74951112223', 'Василий Савельев', NULL, '2bd2533f2f3fb2f5664b8a448d8b778c3835c58f27d16f8983f5b7fc1f23154c', 1415638131, 2, 1415761336, NULL, '', 'pay-rating'),
(66, 'hyipcruiser', 'hyipcruiser@gmail.com', '+380636153042', 'Vitaly deVit', NULL, 'db31bc5ca737010bbac8752baff17e607937bbe0712ee9c59e66c71005f57c65', 1415638420, 21, 1417980122, NULL, '', ''),
(67, 'HYIPexplorerBiz', 'admin@hyipexplorer.biz', '+45758667464', 'HYIPexplorer.biz', NULL, '43a5079595875d2cb945c8f39e8eb5c974b2f4d35c83a4df8f3ac66b85080ff5', 1415647112, 1, 1415647434, NULL, '', ''),
(68, 'rsdb', 'romansydelyov@gmail.com', '+380955152872', 'Cиделёв роман Анатольевич', NULL, 'ff2be20ab63079650970cd35d6aae9dd7085e04dcbc7d6eaa0450f897f0b57d7', 1415651603, 1, 1415651975, NULL, '', ''),
(69, 'monhyip', 'admin@monhyip.net', '+79261001671', 'monhyip.net', NULL, '5ef6bcbbe89149d12cff2c260db88ae18052440b5ca96a8ec6179c172936426e', 1415724427, 41, 1418135848, NULL, '', 'wic_immortal'),
(70, 'samrav', 'sam_rav@tut.by', '+375292642818', 'климович евгений николаевич', NULL, 'ae097f2d2fb98eb680282a0ca32b3aa54bc64123413eab21627b6ca54264002e', 1415800612, 1, 1415803875, NULL, '', ''),
(71, 'newbie', 'azegence@gmail.com', '+7900000000000''', 'Умберто де <b>Факагинез</b>''', NULL, '34c4a1a80b7259bf2d0f05029071143774beeb94ab5b3c99f8858ed9e8860705', 1415832473, 4, 1417289637, NULL, 'V<b>k</b>''', 'S<b>k</b>ype?'''),
(72, 'demoninvest', 'demon_evm@mail.ru', '+79214470238', 'Ваганов Дмитрий Иванович', NULL, '1ffc7e1a4b35805b43591998173e1650db6a39b9fa6a2df4dd0bbc9ede1ad9fa', 1415834460, 1, 1415834587, NULL, '', ''),
(73, 'Lerusia', 'gudlera@mail.ru', '+79263087835', 'Гудкова Валерия Сергеевна', NULL, '6037cfbc8f4708641ab281f265117d07ffc22f0df3c08de5db1a5c69312c0f7e', 1415861806, 0, NULL, NULL, '', ''),
(74, 'Malcasto', 'malcasto@mail.ru', '+79271234567', 'Бойко Максим', NULL, '77624aa7a6a7499e0a264f6227c5483a61bd8956f987794926e1ca925d12cd9e', 1415889300, 0, NULL, NULL, '', ''),
(75, 'miroha', 'lovinvest777@gmail.com', '+79117203005', 'Ловягина Елена Юрьевна', NULL, '6ccbd962abcc733d8b32fadef15adcdb77f68ba838d597cf79f2cfc1797cfa74', 1415891741, 4, 1416309917, NULL, '', ''),
(76, 'poyasopt', 'poyasopt@mail.ru', '+79205764838', 'прядкин алексей васильевич', NULL, '88cd215d3395856bde6e1664f22b1fdb05eec0d36de5f019fd9d8e04d442bea2', 1415913563, 1, 1415913793, NULL, '', ''),
(77, 'yurze', 'goldinside@mail.ru', '+380505855768', 'Удовенко Юрий Витальевтич', NULL, '1f0876e6d51200bf976fd183d2a63bd9bb2a986aeb34962df9358a28f5a0fbf7', 1415958742, 1, 1415959412, NULL, '', ''),
(78, 'Maximus', 'Max_success@ukr.net', '+380962475735', 'Сыжко Максим Владимирович', NULL, 'e6c648f2ede1146366594d4039dc86ed188fac9044631c70225ada41f8a6db44', 1415964642, 0, NULL, NULL, 'https://vk.com/business_2015', 'Maxim.Syzhko'),
(79, 'GNN2411', 'gladysh@bk.ru', '+79186308436', 'Гладыш Николай Николаевич', NULL, '8fef82a4677c4d94403e11b73a6056d85a8fa646d84382ee9fbfa2ae62d415fb', 1416330485, 9, 1417691883, NULL, '', 'GNN2411'),
(80, 'grex34314007', 'grex34314007@mail.ru', '79510611805', 'Alex Fokin', NULL, '840f763224a5bf55707958becec873226b56b26c9e4f9f31549934295167346d', 1416689207, 1, 1416689271, NULL, 'https://vk.com/id89362386', 'grex34314007'),
(81, 'DENIS1986', 'inzer.86@list.ru', '+7912 114-04-02', 'Кожевин Денис Юрьевич', NULL, 'c269743f81549a052086c0f4b9ed89a8860e6addf37a9581edbb1316ec01aad5', 1416735679, 1, 1416735770, NULL, 'https://vk.com/id195753965', ''),
(82, 'biryuc', 'biryuc7@yandex.ru', '+79878031281', 'Бирюков Илья Игоревич ', NULL, 'efc2532d6db78d815a3f1de592a70378bf06ccf34ed9780d27ada1aa132abece', 1416744069, 2, 1417440602, NULL, '', ''),
(83, 'sahka777', 'sahkacoolboy@yandex.ru', '+79524043978', 'Шубин Александр Леонидович', NULL, 'fa2756741a069496fe193940ccfc1176036bd732016dca6e60af15f086e0a772', 1416745258, 1, 1416745357, NULL, '', ''),
(84, 'Rishat', 'Vain.kenjegaliev@mail.ru', '+79267079603', 'Кенжегалиев Решат Салаватовичь', NULL, 'b559fc0e6547537558a73aeb44f60a38e8716aa5d93cde6403691a64e72463a2', 1416768561, 0, NULL, NULL, '', ''),
(85, 'Artabzv', 'artabzv@gmail.com', '+79151144704', 'Абузяров Артур Рафикович', NULL, 'a98d1ffc21a3c9e446e36040e589d0f5ffc3aac93bf82964f64c4c6934a854da', 1416778596, 1, 1416778719, NULL, 'http://vk.com/arthur_rafikovich', ''),
(86, 'sakhno2272', 'sakhno2272@gmail.com', '+380509581455', 'Сахно Дмитрий', NULL, 'dbf8a5a4ff386aa8e824e853c38b2e8580728a97d5a1453655e43d94844aa183', 1416810475, 1, 1416810561, NULL, '', ''),
(87, 'aglaed', 'aglaed.leo@gmail.com', '+375336278194', 'Леончиков Юрий Владимирович', NULL, '09d658667473c96c82d5eeffd9d5f31a74b4e19edd61113becc4e314395bf91c', 1416839521, 8, 1418087332, NULL, 'https://vk.com/id246898029', ''),
(88, 'Sergey2576', 'kouryntsev@gmail.com', '+79274469784', 'Курынцев Сергей Александрович', NULL, 'df9b5624b64b60ae7d11b89ac7d1d983f2a574737246c0895d60301abc801b8b', 1417264661, 7, 1418135701, NULL, '', ''),
(89, 'iuniqueorn123', 'xum3abod@me.com', '+79222221122', 'Александр Петров', NULL, 'f89fa38874034fb66fbfcf5997b4dcf62ddfe19bed279efa2351b3fae972b4cb', 1417451943, 4, 1417904978, NULL, '', ''),
(90, 'ariadna56', 'sofaira888@gmail.com', '+79141249740', 'Irina Sofronova', NULL, 'eea4828f4e06ac371a344d5eb718b70da13ceda119b4f2620500fa6b4020a2a1', 1417492510, 0, NULL, NULL, '', 'ariadna5648');

-- --------------------------------------------------------

--
-- Структура таблицы `user_tokens`
--

CREATE TABLE IF NOT EXISTS `user_tokens` (
  `id` int(11) unsigned NOT NULL AUTO_INCREMENT,
  `password` varchar(255) NOT NULL,
  `user_id` int(11) unsigned NOT NULL,
  `user_agent` varchar(40) NOT NULL,
  `token` varchar(40) NOT NULL,
  `created` int(10) unsigned NOT NULL,
  `expires` int(10) unsigned NOT NULL,
  PRIMARY KEY (`id`),
  UNIQUE KEY `uniq_token` (`token`),
  KEY `fk_user_id` (`user_id`),
  KEY `expires` (`expires`)
) ENGINE=InnoDB  DEFAULT CHARSET=utf8 AUTO_INCREMENT=217 ;

--
-- Дамп данных таблицы `user_tokens`
--

INSERT INTO `user_tokens` (`id`, `password`, `user_id`, `user_agent`, `token`, `created`, `expires`) VALUES
(157, '', 34, '93730c3def6cd22fa1eff0a3cca6042db7676444', 'a7b78d0b22082566e000b259bf19cb4787540bc8', 1416423213, 1417632813),
(158, '', 59, '66070f41605f0983ee59ef0c65e7ee2adc112780', 'd38817c889d356cb5631cd70d95afd2fd87f4dc4', 1416433175, 1417642775),
(159, '', 34, '93730c3def6cd22fa1eff0a3cca6042db7676444', '346cc4519c2ca6768b2849ef5a1e113a8d76ab77', 1416474209, 1417683809),
(161, '', 18, '0f098e5c89db562ef0a00835ce029b7534bf21a1', 'a4813976a3c469ac65575889b0738c26cb771a7d', 1416488252, 1417697852),
(162, '', 34, 'c1c6dd8b166399a88fc83728d5dc0863f28f2e7e', '461ff6845e78f0a2081642f4079dcb972306cb23', 1416512031, 1417721631),
(163, '', 34, '26eeaee2fbb75281163582feaff5b21951266a40', 'f97822c5e10c7182d01ee6e267ccd36a96306558', 1416572415, 1417782015),
(164, '', 69, '77229754c2ec32423dcfa96e1554be16e0fee47f', '179973a72ef97d910f1e754a480378ec1d958380', 1416572843, 1417782443),
(165, '', 79, '86a1ecf8546bb9f2b1bca696e044c981322b0232', '08ab4fb2220fbca9ea310605bb0de737f1c0b88b', 1416667689, 1417877289),
(167, '', 34, '93730c3def6cd22fa1eff0a3cca6042db7676444', '399c85fc9a0f9e35cf634653880c372c1e4b25ee', 1416690936, 1417900536),
(170, '', 82, 'f2a58d1cac5a09525a126fb38c9b0317113638ca', 'a98fb41415bd101d758e23c7e5e2c8de70172f59', 1416744349, 1417953949),
(172, '', 83, '93730c3def6cd22fa1eff0a3cca6042db7676444', '08a9f4f8fbad089f354771b6ba9980b919ad8648', 1416745357, 1417954957),
(173, '', 22, '3b184df3fa083759403b96dea233814b6a986fce', 'c56f384887b4853fadcaa90ba14c094508588388', 1416766913, 1417976513),
(176, '', 85, 'db336e2fc85f34e4c19ad6126b7ba1f411238d7c', '3014be7a70294bebb6d00f42025f43c9db9dc819', 1416778719, 1417988319),
(178, '', 18, '0f098e5c89db562ef0a00835ce029b7534bf21a1', 'badc23e1fee88e4772430dc3938fde3355f4ab20', 1416837129, 1418046729),
(179, '', 69, 'c76b809b6a23d2a5ee7ad0f06513d344bbadf3a9', 'd940c902b83d85f93d503a684b4f80b7a8f3477a', 1416837182, 1418046782),
(181, '', 87, 'c1c6dd8b166399a88fc83728d5dc0863f28f2e7e', '4720385cba375c8106e613cf40e85b9cbd98b3a4', 1416839608, 1418049208),
(182, '', 64, '250ebb709e903545ec0796cd20593f9784d9b862', '30093911b9e1317aa7d34a9d2fac3ff774ffe319', 1416850910, 1418060510),
(183, '', 34, 'd9c9239ed336001c614234916fcbbc5fdbfec926', 'cf4717c2af3ee0f780150692d1738f7f671c00cb', 1416854535, 1418064135),
(184, '', 22, '3b184df3fa083759403b96dea233814b6a986fce', 'c9075694eb7baa1a7fcf11e53f59b3b273bf98f3', 1416887074, 1418096674),
(185, '', 34, 'd9c9239ed336001c614234916fcbbc5fdbfec926', 'b6bc376330ba621e0eb4ca55fa242d6cac94a525', 1416925156, 1418134756),
(187, '', 28, 'bead9788ebabde204ac316f4d464b9cb7a705249', '9569b82ea9d41aa4955096be3d8027c3febe23eb', 1416929859, 1418139459),
(188, '', 34, 'd9c9239ed336001c614234916fcbbc5fdbfec926', '1c4a89d948960c3cc25a28f7167624da7af314f3', 1416939391, 1418148991),
(189, '', 34, '4ea2a5214862dc7adef737d6717bddeda92eef83', '153377dad6d5f8e5d19d73994fe01de8b601ce63', 1417025572, 1418235172),
(190, '', 34, 'd9c9239ed336001c614234916fcbbc5fdbfec926', '9395d70878486c8b5d04823c2b89a9acc60e5cef', 1417086433, 1418296033),
(191, '', 34, 'd9c9239ed336001c614234916fcbbc5fdbfec926', '945618c0f19d4a6f72cfd8f59b6e26685c307ce7', 1417109636, 1418319236),
(192, '', 69, '365f804eeb8b851c6716a39e0e40d475463681c1', 'fd3eb53b800d041ab52ea419564d92cb07880294', 1417163897, 1418373497),
(193, '', 34, 'a13969475fce0d6ee136d7332f1397883b8615ef', '75c7b3a50ff00b4834087aa518805dc14f12c1d8', 1417187311, 1418396911),
(194, '', 34, 'd9c9239ed336001c614234916fcbbc5fdbfec926', '8404f834ed80a61e2241b7c8ec567745923eadd6', 1417200489, 1418410089),
(195, '', 34, 'd9c9239ed336001c614234916fcbbc5fdbfec926', '271beaac79d73faa349b309d014c607bd1099ee1', 1417263551, 1418473151),
(198, '', 71, 'd7089bd14eb017adb794ca08c2e819473bf37a9b', '5e253e19b72e3d319c0b3623bb057419da2834cb', 1417289637, 1418499237),
(199, '', 34, 'd462b1c08984fdef594dc2024dd20d85bf5810fb', '894e0b6db490f12ec1061e40aa655f47726c694f', 1417309233, 1418518833),
(200, '', 34, '64b385308853ae068b3b71caf53eac0530df55d7', '3b29058e2e326ac7384bc0d0145e63d9229edd24', 1417378924, 1418588524),
(201, '', 24, '49c7df6bf2a2ae7d6361b3a950b657958ecf78d4', '7b15a9a3af1550fe2153fe99338928179d0bf308', 1417424825, 1418634425),
(202, '', 34, 'd462b1c08984fdef594dc2024dd20d85bf5810fb', 'a1a3205a0f00b6595c540ebecd5575b14049805b', 1417441780, 1418651380),
(203, '', 34, 'd462b1c08984fdef594dc2024dd20d85bf5810fb', 'cec34880603bcd6c35843fcedaa8112e13efb2a7', 1417443731, 1418653331),
(204, '', 41, '16e5468845978643acb5fb6b1c57694008e29cc0', '1bcbe96ee2239d36a35b16403d4d643339c38c87', 1417447598, 1418657198),
(206, 'zxzxira888', 90, '64b385308853ae068b3b71caf53eac0530df55d7', '675a08e62b4a9c55b593aad3785850c8f060d8be', 1417492510, 1417751710),
(207, '', 34, '308fdd4bf44599456a349a6a53674ebb1833220b', '2ea614785e5164bf80144fd183c48f84c1dca57a', 1417546717, 1418756317),
(208, '', 41, '49c7df6bf2a2ae7d6361b3a950b657958ecf78d4', '8a7ccf7deadd206d7d211fe3b9009af6f6e4d809', 1417598808, 1418808408),
(209, '', 34, 'd462b1c08984fdef594dc2024dd20d85bf5810fb', '153237863508b5aa148436a8132ad764f80ace28', 1417625306, 1418834906),
(210, '', 34, '308fdd4bf44599456a349a6a53674ebb1833220b', '5e9963c3dfd6065371bdd9868282ebb3fbd7557a', 1417860533, 1419070132),
(211, '', 34, '308fdd4bf44599456a349a6a53674ebb1833220b', '9cdd01bfb4ebbcee311aebf77b990ae55a978d9c', 1417875048, 1419084648),
(212, '', 34, 'd462b1c08984fdef594dc2024dd20d85bf5810fb', '02f1ac55287e93c1cbf2e6af068fa304d3d631f6', 1417897583, 1419107183),
(213, '', 37, '64b385308853ae068b3b71caf53eac0530df55d7', 'de9fd462be4f3750ea236eb8df64ee37ce6b3f2a', 1417902245, 1419111845),
(214, '', 34, 'd462b1c08984fdef594dc2024dd20d85bf5810fb', '9fbf739c98e33828e99f9480c93861497a12bf6f', 1418042338, 1419251938),
(215, '', 34, '308fdd4bf44599456a349a6a53674ebb1833220b', 'd08afa887696d2e04af24f9de96085fb78bfeb38', 1418081368, 1419290968),
(216, '', 43, '9699c679231655b83c2ffd5cdbc0fc9fed87c9aa', 'dad46c6960da4a708fe948303b41db4d94c8f540', 1418131464, 1419341064);

--
-- Ограничения внешнего ключа сохраненных таблиц
--

--
-- Ограничения внешнего ключа таблицы `cards_users`
--
ALTER TABLE `cards_users`
  ADD CONSTRAINT `cards_users_ibfk_1` FOREIGN KEY (`user_id`) REFERENCES `users` (`id`) ON DELETE CASCADE,
  ADD CONSTRAINT `cards_users_ibfk_2` FOREIGN KEY (`card_id`) REFERENCES `cards` (`id`) ON DELETE CASCADE;

--
-- Ограничения внешнего ключа таблицы `roles_users`
--
ALTER TABLE `roles_users`
  ADD CONSTRAINT `roles_users_ibfk_1` FOREIGN KEY (`user_id`) REFERENCES `users` (`id`) ON DELETE CASCADE,
  ADD CONSTRAINT `roles_users_ibfk_2` FOREIGN KEY (`role_id`) REFERENCES `roles` (`id`) ON DELETE CASCADE;

--
-- Ограничения внешнего ключа таблицы `user_tokens`
--
ALTER TABLE `user_tokens`
  ADD CONSTRAINT `user_tokens_ibfk_1` FOREIGN KEY (`user_id`) REFERENCES `users` (`id`) ON DELETE CASCADE;

/*!40101 SET CHARACTER_SET_CLIENT=@OLD_CHARACTER_SET_CLIENT */;
/*!40101 SET CHARACTER_SET_RESULTS=@OLD_CHARACTER_SET_RESULTS */;
/*!40101 SET COLLATION_CONNECTION=@OLD_COLLATION_CONNECTION */;
